id,quesm2,ativcolm2,forum5,forum6,forum7,ativcolm2r,quesm2r,forum8,forum2r,aprovado,quesm1,quesm1r,forum1,forum2,forum3,forum4,ativcolm1,ativcolm1r,forum1r
7,1,1,1,1,1,0,0,1,0,Sim,1,0,1,0,1,1,1,0,0
45,1,1,1,0,1,0,0,1,0,Sim,1,0,1,1,1,1,1,0,0
50,0,1,0,0,0,0,0,0,0,Sim,1,0,0,0,1,0,1,0,0
58,0,0,0,0,0,0,0,0,0,Não,0,0,0,0,0,0,0,0,0
59,0,0,0,0,0,0,0,0,0,Não,0,0,0,0,0,0,0,0,0
67,1,1,1,0,0,0,0,0,0,Não,1,1,1,1,1,1,1,1,1
70,1,1,1,1,1,1,0,1,0,Não,1,0,1,1,0,1,1,0,0
73,1,0,1,1,1,1,0,1,0,Não,1,0,1,1,1,1,1,0,0
77,1,1,0,0,0,0,0,0,0,Não,0,1,0,0,0,0,0,0,0
86,1,1,1,1,1,0,1,1,1,Sim,1,1,1,1,1,1,1,0,0
91,1,1,1,1,1,0,0,1,0,Sim,1,0,0,0,0,1,1,0,0
97,1,1,0,0,0,1,1,0,0,Sim,1,1,1,1,1,1,1,0,1
126,1,1,1,0,0,0,0,1,0,Sim,1,1,1,1,1,1,1,0,0
137,1,0,0,0,0,0,0,0,0,Não,0,0,0,0,0,0,0,0,0
143,1,0,1,1,0,0,0,1,0,Não,1,0,0,0,0,0,0,0,0
152,0,1,1,1,1,0,0,0,0,Não,1,0,1,1,1,1,1,0,0
198,0,0,0,0,0,0,0,0,0,Não,0,0,0,0,0,0,0,0,0
199,1,1,1,1,1,0,1,0,0,Sim,0,1,1,0,0,0,0,1,1
204,1,1,1,1,1,0,0,1,0,Não,1,1,1,1,1,1,0,1,1
218,1,1,1,1,1,0,0,1,0,Sim,1,1,1,1,1,1,1,0,0
222,1,1,1,1,0,0,0,1,0,Sim,1,0,1,1,1,1,1,0,0
229,0,0,0,0,0,0,1,0,0,Não,1,1,0,0,0,0,0,0,0
231,1,1,1,1,1,0,1,1,0,Não,1,0,1,1,1,1,1,0,0
232,0,0,0,0,0,0,0,0,0,Não,0,1,0,0,0,0,0,0,0
237,0,0,0,0,0,0,0,0,0,Não,0,0,0,0,0,0,0,0,0
248,1,0,0,1,1,0,0,1,1,Não,1,0,1,1,1,1,1,0,1
253,1,1,1,1,1,0,0,1,0,Sim,1,0,1,1,1,1,1,0,0
265,0,0,1,1,1,0,0,0,0,Não,1,1,0,0,0,0,0,0,1
271,0,0,0,0,0,0,1,0,0,Não,0,1,0,1,1,0,0,0,1
285,1,1,1,1,1,0,0,1,0,Sim,1,0,1,1,1,1,1,0,0
303,1,1,0,1,0,1,0,1,0,Sim,1,1,1,1,1,1,1,0,0
308,1,1,1,0,0,0,0,0,0,Sim,1,0,1,1,1,1,1,0,0
316,1,1,1,1,0,0,0,1,1,Sim,1,0,1,1,1,1,1,0,0
326,0,0,0,0,0,0,0,0,0,Não,0,0,1,1,1,0,0,0,0
330,1,1,0,0,0,0,0,0,0,Não,1,0,0,0,1,1,1,0,0
337,1,1,0,0,0,0,0,0,1,Não,1,1,1,1,1,0,1,0,0
339,0,0,0,0,0,0,0,0,0,Não,0,0,1,0,0,0,1,0,0
396,1,1,1,1,1,0,0,1,0,Não,1,0,1,1,1,1,1,0,0
409,1,1,1,1,1,0,0,1,0,Não,1,0,1,1,1,1,1,0,0
415,1,1,0,0,0,0,0,0,0,Sim,1,0,1,1,1,1,0,0,0
484,1,1,1,1,1,0,0,1,0,Sim,1,1,1,1,1,1,1,0,0
487,0,1,0,0,0,1,0,0,0,Sim,0,0,0,0,0,0,1,1,0
492,0,0,0,0,0,0,0,0,0,Não,0,0,0,0,0,0,0,0,0
498,1,1,0,0,0,0,1,0,1,Não,1,0,1,1,1,1,1,0,0
504,1,0,1,1,1,0,0,1,0,Não,1,0,1,1,1,1,0,0,0
545,1,0,1,1,1,0,0,1,0,Sim,1,0,1,1,1,1,1,0,0
577,1,1,1,1,1,0,0,1,0,Sim,1,0,1,1,1,1,1,0,0
589,1,1,1,1,1,0,0,1,0,Não,1,1,1,1,1,0,0,1,1
601,0,0,0,0,0,0,0,0,0,Não,0,0,0,0,0,0,0,0,0
613,1,1,1,1,1,0,0,1,0,Sim,1,0,1,1,1,1,1,0,0
622,1,1,1,1,1,0,1,1,1,Não,0,1,1,1,1,1,1,0,1
630,1,1,1,1,1,0,0,1,0,Sim,1,0,1,1,1,1,1,0,0
640,1,1,1,1,1,0,0,1,0,Sim,1,0,1,1,1,1,1,0,0
650,1,0,1,1,1,0,0,1,0,Não,1,1,1,1,1,1,1,0,0
652,1,1,0,0,0,0,0,0,0,Sim,1,0,1,1,1,0,1,0,0
658,0,1,0,1,0,1,1,1,0,Não,0,0,1,1,1,1,1,0,0
671,1,1,1,1,0,0,0,1,0,Sim,0,1,1,1,1,1,1,0,0
696,1,0,1,1,1,0,0,1,0,Sim,1,0,1,1,1,0,1,0,1
720,1,1,0,0,0,0,1,1,0,Sim,1,1,1,1,1,1,1,0,0
738,1,0,0,0,0,0,0,1,0,Sim,0,0,1,1,1,1,0,0,0
739,1,1,1,1,1,0,0,1,0,Sim,1,0,1,1,1,1,1,0,0
742,0,0,1,0,0,0,0,0,0,Não,0,0,1,1,1,0,0,0,0
749,0,0,0,0,0,0,0,0,0,Sim,0,0,1,1,1,1,0,0,0
778,1,1,1,0,1,0,1,0,0,Não,0,1,1,1,1,0,0,0,1
787,1,1,0,0,0,0,0,0,0,Não,1,0,1,1,1,1,1,0,0
806,1,1,1,1,1,0,0,1,0,Sim,1,0,1,1,1,1,1,0,0
814,0,1,1,0,1,0,0,0,0,Sim,1,0,1,1,1,1,1,0,0
821,1,1,1,0,1,0,0,0,0,Não,1,1,1,1,1,1,1,0,0
840,1,1,1,1,1,0,0,1,0,Sim,1,0,1,1,1,1,1,0,0
894,1,1,1,0,0,1,1,0,1,Não,0,1,1,1,1,0,1,1,1
913,0,1,0,0,0,1,1,0,0,Sim,0,1,0,1,0,0,1,1,1
927,1,0,0,0,0,0,0,0,0,Não,0,1,1,1,1,0,0,0,1
931,1,0,0,0,0,0,0,0,0,Não,1,0,1,1,1,1,0,0,0
933,1,1,1,1,1,0,1,1,0,Sim,1,1,1,1,1,1,0,1,1
948,1,1,1,1,1,0,0,1,0,Não,1,1,1,1,1,1,1,0,0
952,0,0,0,0,0,0,0,0,0,Sim,0,0,1,1,0,0,1,0,0
959,1,1,0,1,1,0,0,0,0,Sim,1,1,1,1,1,1,1,1,1
964,0,0,0,0,0,0,0,0,0,Não,1,0,1,1,1,1,1,0,0
977,1,1,0,1,0,0,0,0,0,Não,1,0,1,1,1,1,1,0,0
1001,1,1,1,1,0,0,0,0,0,Sim,1,0,1,1,1,1,0,0,0
1011,1,1,1,1,1,1,1,1,0,Não,1,1,1,1,1,1,1,0,1
1020,1,1,1,1,1,0,1,1,1,Não,1,0,1,1,1,1,1,0,0
1040,1,1,1,1,1,0,0,1,0,Sim,1,0,1,1,1,1,1,0,0
1042,1,0,1,1,0,1,1,1,1,Não,1,1,1,1,1,0,0,0,1
1046,1,1,1,1,1,0,0,1,0,Sim,1,0,1,1,1,1,1,0,0
1060,1,0,1,1,1,0,1,0,1,Sim,1,1,1,1,1,1,1,0,0
1066,1,1,0,1,1,0,0,1,0,Não,1,0,1,1,1,1,1,0,0
1072,1,1,1,0,0,1,0,1,0,Não,0,1,0,0,0,0,0,1,1
1079,1,1,1,0,1,1,1,0,1,Sim,0,1,1,1,1,1,0,1,1
1085,0,0,0,0,0,0,0,0,0,Não,0,0,1,1,1,1,1,0,0
1086,1,0,0,1,1,0,0,1,0,Sim,1,0,1,1,1,1,0,0,0
1088,1,1,1,1,1,0,0,0,0,Sim,1,0,1,1,1,1,1,0,0
1089,1,1,1,1,1,0,0,1,0,Sim,1,0,1,1,1,1,1,0,0
1094,0,0,0,0,0,0,0,0,0,Não,0,0,0,0,0,0,0,0,0
1114,0,0,0,0,0,1,1,0,1,Sim,1,0,1,1,1,1,1,0,0
1118,1,1,1,1,1,0,1,1,0,Não,1,0,1,1,1,1,1,0,0
1119,1,0,1,1,1,0,0,1,0,Sim,1,0,1,1,1,1,1,0,0
1150,0,0,0,1,0,0,0,0,0,Não,0,0,1,0,0,1,0,0,0
1157,0,1,0,0,0,0,0,0,0,Não,0,0,0,0,0,0,1,0,0
1188,1,1,1,1,1,0,0,1,0,Não,1,0,1,1,1,1,1,0,0
1214,1,1,1,0,1,0,0,0,0,Não,1,1,1,1,1,1,1,0,0
1221,1,1,1,1,1,0,0,1,0,Sim,0,0,1,1,1,1,1,0,0
1224,0,0,0,0,0,0,0,0,0,Não,1,1,1,0,0,0,0,0,0
1241,1,1,1,1,1,0,0,1,0,Sim,1,0,1,1,1,0,0,0,0
1266,0,1,0,0,0,1,1,0,1,Não,1,0,1,0,1,1,1,0,0
1298,1,1,1,0,1,0,0,1,0,Sim,1,0,1,1,1,1,1,0,0
1299,1,1,1,1,1,0,0,1,0,Não,1,0,1,1,1,1,1,0,0
1317,1,1,1,1,1,0,0,1,0,Não,1,0,1,1,1,1,1,0,0
1322,1,0,0,0,0,0,0,0,0,Não,0,1,0,0,0,0,0,0,0
1383,1,0,1,1,1,0,1,0,0,Sim,0,1,1,1,0,0,0,1,1
1385,1,1,1,0,1,0,0,1,0,Sim,1,0,1,1,1,1,1,0,0
1410,1,1,0,1,1,0,0,1,0,Não,1,1,1,1,1,1,0,0,1
1419,0,0,1,1,0,1,1,1,1,Sim,1,0,1,1,1,1,1,0,0
1420,1,0,0,0,0,0,1,0,0,Sim,0,1,1,1,1,0,0,0,1
1449,0,0,0,0,0,0,0,0,0,Não,0,0,1,1,1,1,1,0,0
1461,1,0,1,0,1,0,0,1,0,Sim,0,1,1,1,1,1,0,1,1
1466,1,1,1,1,1,0,1,0,1,Sim,1,1,1,1,1,1,1,0,0
1471,1,1,1,0,1,0,1,0,0,Sim,1,1,1,1,1,1,1,0,0
1489,1,1,1,1,0,0,0,1,0,Sim,1,0,1,1,1,1,1,0,0
1494,1,1,0,0,0,0,1,0,0,Não,1,1,0,0,0,0,0,1,1
1495,1,1,1,1,1,0,0,1,0,Sim,1,0,1,1,1,1,1,0,0
1500,0,0,0,0,0,0,0,0,0,Não,1,0,1,0,0,0,1,0,0
1508,1,1,1,1,1,0,0,1,0,Sim,1,0,1,1,1,1,1,0,0
1524,1,1,1,1,1,0,0,1,0,Sim,1,0,1,1,1,1,1,0,0
1540,1,1,0,1,0,0,0,0,0,Não,0,1,1,1,1,1,1,0,0
1548,0,0,0,0,0,0,0,0,0,Não,0,0,0,0,0,0,0,0,0
1578,1,1,0,0,0,0,0,0,1,Não,1,0,1,1,1,1,1,0,0
1582,0,0,0,0,0,1,1,0,1,Não,1,0,1,1,1,1,1,0,0
1589,1,1,1,0,0,0,0,0,1,Não,1,0,1,1,1,1,1,0,0
1590,1,1,1,1,1,0,0,1,0,Sim,1,0,1,1,1,1,1,0,0
1610,0,0,0,0,0,1,0,0,1,Sim,0,1,1,1,1,0,1,1,1
1612,1,1,0,0,0,0,0,0,0,Não,1,0,1,1,1,1,1,0,0
1640,1,1,1,1,1,0,0,1,0,Sim,1,0,1,1,1,1,1,0,0
1644,1,0,1,0,0,0,0,0,0,Não,1,0,1,1,1,1,1,0,0
1645,1,1,1,0,1,0,0,0,0,Sim,1,0,1,1,1,1,0,0,0
1649,0,0,0,1,0,1,1,0,1,Não,0,1,1,1,1,1,0,1,1
1664,0,0,0,0,0,0,0,0,0,Não,0,0,0,0,0,0,0,0,0
1672,0,0,0,0,0,0,0,0,0,Não,0,0,1,1,1,0,0,0,0
1689,0,1,0,1,0,0,0,0,0,Não,0,0,0,0,0,0,0,0,0
1698,1,1,0,0,0,0,0,0,1,Não,1,0,1,1,1,1,1,0,0
1728,0,0,0,0,0,0,0,0,0,Não,0,0,1,1,1,1,0,0,0
1735,0,1,1,1,1,1,1,0,1,Não,1,0,1,1,1,1,1,1,0
1737,0,0,0,0,0,0,0,0,0,Não,0,0,0,0,0,0,0,0,0
1738,0,0,1,0,1,1,1,0,1,Sim,1,0,1,1,0,0,1,0,0
1747,1,1,1,1,1,0,0,1,0,Não,0,1,1,1,1,0,0,1,0
1754,0,0,1,0,1,0,1,1,0,Não,1,0,1,1,1,1,1,0,0
1760,0,0,1,1,0,0,1,0,1,Não,1,1,1,1,1,1,1,1,0
1792,1,1,1,0,1,0,0,0,0,Sim,1,0,1,1,1,1,1,0,0
1798,0,0,0,0,0,0,0,0,0,Não,0,0,0,0,0,0,0,0,0
1805,1,1,1,1,1,0,0,1,0,Não,1,0,1,1,1,1,1,0,0
1806,1,1,1,1,1,0,0,1,0,Não,1,0,1,1,1,1,1,0,0
1812,0,0,0,0,0,0,1,1,0,Não,1,0,1,1,1,1,1,0,0
1813,0,0,1,1,1,0,0,0,0,Não,1,0,0,0,0,0,0,0,0
1816,1,0,0,1,0,0,0,0,0,Não,0,0,1,1,1,1,1,0,0
1825,1,1,1,1,1,0,0,1,0,Sim,1,0,1,1,1,1,1,0,0
1834,0,0,0,0,0,0,1,0,0,Não,0,0,0,0,0,0,0,0,0
1857,1,1,1,0,1,0,0,1,0,Sim,1,1,1,1,1,1,1,0,0
1866,1,1,1,0,1,0,0,0,0,Sim,1,0,1,1,1,0,1,0,0
1911,0,0,0,0,0,0,0,0,0,Não,0,0,0,0,0,0,0,0,0
1914,1,1,1,1,1,0,0,1,0,Sim,1,0,1,1,1,0,1,0,0
1925,1,1,0,1,1,0,1,0,0,Não,0,1,1,1,1,1,0,1,1
1926,1,1,1,0,1,0,0,0,0,Sim,1,0,1,1,0,1,1,0,0
1928,1,1,1,0,0,1,1,0,1,Não,1,1,1,1,1,0,0,1,0
1937,0,0,0,0,0,0,0,0,0,Não,0,0,0,0,0,0,0,0,0
1976,1,1,1,1,1,0,0,1,0,Sim,1,0,1,1,1,1,1,0,0
2009,0,0,0,0,0,0,0,0,0,Não,0,0,1,1,0,0,1,0,0
2014,1,1,1,0,0,0,0,0,0,Sim,1,0,1,1,1,1,1,0,0
2039,1,1,1,1,1,0,0,1,0,Não,1,0,1,1,1,1,1,0,0
2060,1,1,1,1,0,0,0,1,0,Sim,1,1,1,1,1,1,1,0,0
2098,1,0,0,1,0,1,1,1,0,Sim,0,1,0,0,0,0,0,1,1
2100,1,1,1,0,1,0,0,1,0,Sim,1,1,1,1,1,1,1,0,0
2102,1,1,1,1,1,0,0,1,0,Sim,1,0,1,1,1,1,1,0,0
2140,0,1,0,0,0,0,0,1,0,Não,1,0,1,1,0,1,1,0,0
2145,1,1,1,0,1,0,0,0,0,Sim,1,0,1,1,1,1,1,0,0
2158,0,0,0,0,0,0,0,0,0,Não,0,0,0,0,0,0,0,0,0
2164,0,0,0,1,0,1,1,0,1,Sim,0,0,1,1,1,0,1,0,0
2248,1,1,1,1,1,0,0,1,0,Não,1,0,1,1,1,1,1,0,0
2293,1,1,1,0,0,0,0,1,0,Sim,1,0,1,1,1,1,1,0,0
2319,1,1,0,0,1,1,0,0,1,Sim,1,1,1,1,1,1,1,1,0
2325,0,0,1,1,1,0,1,1,1,Não,1,0,1,1,1,1,1,0,0
2337,0,0,0,0,0,0,0,0,0,Não,0,0,0,0,0,0,0,0,0
2342,1,1,1,1,1,0,0,1,0,Sim,1,0,1,1,1,1,1,0,0
2346,0,0,0,0,0,0,0,0,0,Não,0,0,1,1,1,1,0,0,0
2378,0,0,0,0,0,0,0,0,0,Não,0,0,0,0,0,0,0,0,0
2399,1,1,1,1,1,0,0,1,0,Sim,1,0,1,1,1,1,1,0,0
2407,1,1,1,1,1,0,0,1,0,Não,1,1,1,1,1,1,1,1,0
2408,1,0,1,0,0,0,0,0,0,Não,1,0,1,1,1,1,1,0,0
2410,1,0,0,0,0,0,0,0,0,Não,0,0,1,1,1,1,1,0,0
2423,0,0,0,0,0,0,0,0,0,Não,0,0,1,1,0,0,1,0,0
2434,1,0,1,0,1,0,0,0,0,Não,1,0,0,1,0,1,1,0,0
2442,1,1,1,1,1,0,0,1,0,Não,1,0,1,1,1,1,1,0,0
2444,1,0,1,1,1,0,1,1,0,Sim,1,1,1,1,1,1,0,0,0
2448,0,1,0,0,0,0,0,0,0,Não,1,0,1,1,1,0,1,1,0
2452,1,0,1,1,1,0,0,1,0,Sim,1,0,1,1,1,1,1,0,0
2472,1,1,0,0,0,0,0,0,0,Não,1,0,1,1,1,1,1,0,0
2480,1,1,1,1,1,0,0,1,0,Não,1,0,1,1,1,1,1,0,0
2481,1,0,0,0,0,1,1,0,1,Não,0,1,0,0,0,0,0,0,0
2483,1,1,1,0,1,0,0,1,0,Não,1,0,1,1,1,1,1,0,0
2522,1,0,1,1,1,1,1,1,1,Sim,1,1,1,1,1,1,1,0,0
2539,0,0,0,0,0,0,0,0,0,Não,0,0,1,1,1,1,0,0,0
2561,1,1,0,0,0,0,0,0,1,Não,1,0,1,1,1,1,1,0,0
2568,1,1,0,0,0,1,1,0,1,Não,1,0,1,1,1,1,1,0,0
2579,1,1,1,1,1,0,0,1,0,Sim,1,0,1,1,1,1,1,0,0
2618,1,1,1,1,0,0,0,0,0,Não,1,0,1,1,1,1,1,0,0
2619,1,1,1,1,1,0,1,1,0,Sim,1,0,1,1,1,1,1,0,0
2620,0,1,1,0,1,0,1,1,0,Sim,1,1,1,1,1,0,0,0,0
2623,1,1,0,0,0,1,1,0,1,Sim,0,1,0,0,0,0,0,0,1
2644,1,1,1,1,0,0,0,1,0,Sim,1,1,1,1,1,1,1,0,0
2655,1,1,1,1,0,0,0,1,0,Não,0,1,1,1,1,1,0,0,1
2666,0,1,0,0,0,0,0,0,0,Não,1,0,1,1,1,1,1,0,0
2698,1,1,1,1,1,0,0,1,0,Não,1,0,1,1,1,1,1,0,0
2715,0,0,0,0,0,0,0,0,0,Não,0,0,0,0,0,0,0,0,0
2723,1,1,1,1,1,0,0,0,0,Sim,1,0,1,1,1,1,1,0,0
2727,0,0,0,0,0,0,0,0,0,Não,0,0,1,1,0,0,0,0,0
2730,0,0,1,1,0,0,0,1,0,Não,1,1,1,1,1,0,0,0,1
2740,1,1,1,0,1,0,0,1,0,Sim,1,1,1,1,1,1,1,0,0
2746,1,1,1,1,1,0,0,1,0,Sim,1,0,1,1,1,1,1,0,0
2757,1,1,1,1,1,0,0,1,0,Sim,1,1,1,1,1,1,1,0,0
2777,0,0,0,0,0,0,0,0,0,Não,1,0,1,1,1,1,1,0,0
2782,0,0,1,0,0,0,0,0,0,Não,1,0,1,1,1,1,0,0,0
2790,1,0,1,0,0,0,0,0,0,Não,0,0,1,0,0,0,1,0,0
2795,1,1,1,1,0,0,0,1,0,Sim,1,0,1,1,1,1,1,0,0
2796,0,0,0,0,0,0,0,0,0,Não,0,0,0,0,0,0,0,0,0
2799,0,0,0,0,0,0,0,0,0,Não,0,0,0,0,0,0,0,0,0
2828,1,1,1,1,0,0,1,1,1,Não,1,0,1,1,1,1,1,0,0
2837,1,1,1,1,1,0,0,1,0,Não,1,0,1,1,1,1,1,0,0
2840,1,0,0,0,0,0,0,0,0,Não,0,0,0,0,0,0,0,0,0
2849,0,0,0,0,0,0,0,0,0,Não,1,0,1,1,1,1,0,0,0
2857,1,1,1,0,1,0,0,0,0,Sim,1,0,1,1,1,1,1,1,0
2859,0,0,1,1,0,0,1,1,1,Não,1,0,1,1,1,1,0,1,0
2874,1,1,1,0,0,0,0,0,0,Sim,1,0,1,1,1,1,1,0,0
2875,1,1,1,1,1,0,0,1,0,Não,0,0,1,1,1,1,0,0,0
2903,0,0,0,0,0,0,0,0,0,Não,0,0,1,0,0,0,0,0,0
2921,1,0,0,0,1,0,0,0,0,Sim,1,0,1,1,1,1,1,0,0
2928,0,0,1,0,0,0,0,0,0,Não,1,0,1,1,1,1,0,0,0
2930,0,0,0,0,0,0,0,0,0,Não,0,0,0,0,0,0,0,0,0
2936,1,1,1,0,0,1,1,0,1,Não,1,0,1,1,1,1,1,0,0
2947,1,1,1,1,1,0,0,1,0,Sim,1,0,1,1,1,1,1,0,0
2955,0,0,0,0,0,0,0,0,0,Não,0,0,1,1,1,1,1,0,0
2958,0,0,1,1,1,1,1,1,1,Não,1,0,1,1,1,1,1,0,0
3018,1,1,1,1,1,0,0,1,0,Sim,1,0,1,1,1,1,1,1,0
3023,0,1,0,0,0,0,0,0,0,Não,0,0,1,1,1,0,0,0,0
3057,0,1,0,1,1,0,0,0,1,Sim,1,1,1,1,1,1,1,0,1
3058,0,0,0,0,0,0,0,0,0,Não,0,0,0,0,0,0,0,0,0
3061,1,1,1,1,0,0,0,0,0,Sim,1,0,1,1,1,1,1,0,0
3068,0,1,0,0,0,0,0,0,0,Não,0,0,1,1,0,0,0,0,0
3078,0,0,0,0,0,0,0,0,0,Não,0,0,1,1,0,0,0,0,0
3101,0,0,0,0,0,0,0,0,0,Não,1,0,1,1,1,1,1,0,0
3105,1,0,0,0,0,0,0,0,0,Não,0,0,0,0,0,0,0,0,0
3106,0,0,0,0,0,0,0,0,0,Não,1,0,1,1,1,0,1,0,0
3124,1,1,1,1,1,1,0,0,0,Sim,0,1,1,1,1,0,0,0,1
3131,0,0,0,0,0,0,0,0,0,Não,0,0,1,1,1,0,0,0,0
3140,1,1,0,0,0,0,1,0,0,Sim,0,1,1,1,1,1,0,0,0
3148,1,1,1,0,0,0,1,0,0,Sim,1,1,1,1,1,1,1,0,0
3149,1,1,1,1,1,0,0,1,0,Sim,1,0,1,1,1,1,1,0,0
3158,1,1,1,1,1,0,0,1,0,Sim,1,0,1,1,1,1,1,0,0
3174,1,1,1,1,1,0,0,1,0,Sim,1,1,1,1,1,1,0,1,1
3196,0,0,0,0,0,0,0,0,0,Não,0,1,1,1,1,1,0,0,0
3199,1,1,1,0,1,0,1,1,0,Não,0,1,0,0,0,0,0,1,1
3216,0,0,0,0,0,0,0,0,0,Não,0,0,0,0,0,0,0,0,0
3222,0,0,0,0,0,0,0,0,0,Não,1,0,1,1,0,0,1,0,0
3248,1,1,0,0,1,1,1,0,1,Sim,0,1,1,1,1,1,1,1,1
3258,1,0,1,1,1,0,0,1,0,Sim,1,0,1,1,1,1,1,0,0
3261,1,1,1,0,1,0,0,1,0,Não,1,0,1,1,1,1,1,0,0
3271,0,0,1,1,1,0,0,0,0,Não,1,0,1,1,1,1,1,0,0
3277,1,0,1,1,1,0,0,1,0,Sim,1,0,1,1,1,1,0,0,0
3279,1,1,1,1,0,0,0,1,0,Sim,1,0,1,1,1,1,1,0,0
3280,0,1,1,0,1,1,1,1,0,Sim,1,1,1,1,1,1,1,0,0
3283,1,0,1,1,1,0,0,1,0,Sim,1,0,1,1,1,1,1,0,0
3301,1,0,0,1,0,0,0,0,0,Não,1,0,1,1,1,1,1,0,0
3332,1,1,1,1,1,0,0,1,0,Não,1,0,1,1,1,1,1,0,0
3364,1,0,1,0,1,0,1,1,0,Sim,0,1,1,1,1,1,1,1,0
3386,1,0,1,1,1,0,1,1,0,Sim,1,0,1,1,1,1,0,0,0
3407,1,0,1,0,0,0,0,0,0,Não,0,0,1,1,1,1,0,0,0
3424,0,0,1,1,1,0,0,0,0,Não,1,0,1,1,1,1,1,1,0
3425,1,0,0,1,1,0,0,0,0,Não,1,0,1,1,1,1,1,0,0
3430,1,1,1,1,1,0,0,1,0,Sim,1,0,1,1,1,1,1,0,0
3432,1,0,1,1,1,0,1,1,1,Sim,0,1,1,1,1,0,0,0,0
3437,1,1,1,0,1,0,0,1,0,Não,1,0,1,1,1,1,1,0,0
3501,0,0,0,0,0,0,0,0,0,Não,0,0,1,0,0,0,0,0,0
3507,1,1,1,1,0,0,0,1,0,Sim,1,0,1,1,1,1,1,0,0
3512,1,1,1,0,0,0,0,1,0,Não,1,0,1,1,1,1,1,0,0
3528,0,1,1,1,1,0,0,1,0,Não,1,0,1,1,1,1,1,0,0
3538,1,0,0,0,0,0,0,0,0,Não,0,0,0,0,0,0,0,0,0
3572,1,1,0,0,0,1,1,0,1,Sim,1,0,1,1,1,1,1,0,0
3585,0,0,1,0,0,0,0,0,0,Não,0,0,1,1,1,1,1,0,0
3604,1,0,1,1,1,0,0,1,0,Sim,1,0,1,1,1,1,1,0,0
3610,1,0,1,1,0,0,1,1,1,Não,1,1,1,1,1,1,0,1,1
3616,0,0,0,0,0,0,0,0,0,Não,0,0,1,1,0,0,0,0,0
3641,1,1,1,1,1,0,0,1,0,Sim,1,0,1,1,1,1,1,0,0
3645,0,0,0,0,0,0,0,0,0,Não,0,0,0,0,0,0,0,0,0
3657,0,0,0,0,0,0,0,0,0,Não,0,0,0,0,0,0,1,0,0
3663,1,0,0,0,0,0,0,0,0,Não,1,1,1,1,1,0,0,0,0
3664,1,1,1,1,1,0,0,1,0,Não,1,1,1,1,1,1,1,0,0
3667,1,1,1,0,0,0,0,0,0,Não,0,0,1,1,1,1,1,0,0
3669,1,1,1,1,1,1,0,1,0,Sim,1,0,0,0,1,1,1,0,1
3676,1,1,1,1,0,0,0,1,0,Não,1,0,1,1,1,1,1,0,0
3690,1,1,1,1,1,0,0,1,0,Sim,1,0,1,1,1,1,1,0,0
3707,1,1,1,1,0,0,0,1,0,Sim,0,0,1,1,1,0,1,0,0
3726,1,1,0,1,1,0,0,1,0,Sim,1,1,1,1,1,1,1,0,0
3747,1,1,1,0,0,0,0,0,0,Não,1,0,1,1,1,1,0,0,0
3748,0,0,0,0,0,0,0,0,0,Não,1,1,1,1,1,1,1,1,0
3750,1,1,1,1,1,0,0,0,0,Sim,1,0,1,1,1,1,1,0,0
3756,1,0,0,0,0,0,0,0,0,Não,0,0,0,0,0,0,0,0,0
3758,1,0,0,0,0,0,1,0,1,Sim,1,1,1,1,1,1,0,0,0
3764,1,1,1,1,1,0,0,1,0,Sim,1,1,1,1,1,1,1,0,0
3768,1,1,1,1,0,0,0,0,0,Sim,0,0,1,1,1,1,1,0,0
3777,1,1,0,0,0,1,1,0,1,Sim,1,0,1,1,1,0,1,0,0
3782,1,1,1,1,1,0,0,1,0,Sim,1,0,1,1,1,1,1,0,0
3784,1,0,1,1,1,0,0,1,0,Sim,1,1,1,1,1,1,1,0,0
3787,0,0,0,0,0,0,0,0,0,Não,0,1,1,1,1,1,0,0,1
3790,0,0,1,0,1,1,1,1,1,Não,0,1,1,1,1,1,0,1,1
3791,1,1,1,1,1,0,0,0,0,Não,1,0,1,1,1,1,1,0,0
3795,1,1,0,1,0,0,0,1,0,Sim,1,0,1,1,1,1,1,0,0
3822,0,1,1,0,1,1,1,1,0,Sim,0,1,1,1,1,1,1,1,0
3829,1,1,1,1,1,1,1,1,1,Não,1,1,1,1,1,1,0,0,1
3841,0,0,1,0,0,0,0,0,0,Não,1,0,1,1,1,0,0,0,0
3843,1,0,1,1,1,0,0,1,0,Não,1,0,1,1,1,1,1,0,0
3845,1,1,1,1,1,0,0,1,0,Não,0,1,0,0,0,1,0,1,0
3881,1,1,1,1,1,0,0,1,0,Não,0,0,1,1,1,1,1,0,0
3897,1,1,1,1,1,0,0,0,0,Sim,0,1,1,1,1,1,1,0,0
3906,1,1,0,0,0,0,0,1,0,Sim,1,0,1,1,1,1,1,0,0
3937,0,0,0,0,0,0,0,0,0,Não,0,0,0,0,0,0,0,0,0
3943,1,1,1,1,1,0,0,1,0,Sim,1,0,1,1,1,1,1,1,0
3949,0,1,0,1,0,0,0,0,0,Não,0,0,0,0,0,0,1,0,0
3952,1,1,1,0,1,0,0,1,0,Sim,1,0,1,1,1,1,1,0,0
3987,1,1,0,0,0,1,1,0,0,Sim,1,0,1,1,1,0,1,0,0
3993,1,1,1,0,1,1,1,0,1,Sim,1,1,1,1,1,1,1,1,1
3998,0,1,0,0,0,0,0,0,0,Não,1,0,1,1,1,1,1,0,0
4016,1,1,1,1,0,0,0,0,0,Não,1,1,1,1,1,1,1,0,0
4043,1,1,1,0,1,0,0,0,0,Sim,1,1,1,1,1,1,1,0,0
4060,1,1,1,1,1,0,0,1,0,Sim,1,0,1,1,1,1,1,0,0
4069,0,0,0,0,0,0,0,0,0,Não,0,0,0,0,0,0,0,0,0
4074,1,0,0,0,0,0,0,0,0,Não,0,0,0,0,0,0,0,0,0
4106,1,1,1,1,1,0,0,1,0,Sim,1,0,1,1,1,1,1,0,0
4112,1,0,1,1,1,0,0,1,0,Sim,1,0,1,1,1,1,1,0,0
4129,0,0,1,1,1,0,0,1,0,Sim,1,0,1,1,1,1,1,0,0
4143,1,0,1,0,1,0,0,1,0,Sim,1,1,1,1,1,1,0,0,1
4154,1,1,1,1,1,0,1,1,0,Não,1,1,1,1,1,1,1,1,1
4157,1,1,1,1,1,1,1,1,1,Não,1,1,1,1,1,1,1,1,1
4158,1,0,1,1,1,0,0,1,0,Sim,1,0,1,1,1,1,1,0,0
4159,1,1,1,1,1,0,0,1,0,Sim,0,0,1,1,1,1,1,0,0
4165,1,1,1,0,0,0,0,0,0,Não,0,0,1,1,1,1,1,0,0
4166,1,0,0,1,1,1,0,1,0,Não,1,1,1,1,1,1,0,0,0
4181,1,0,0,0,0,0,0,0,0,Não,0,0,0,0,0,0,0,0,0
4188,1,1,1,1,1,0,0,1,0,Sim,1,0,1,1,1,1,1,0,0
4191,1,0,0,1,0,1,1,1,1,Sim,1,0,1,1,1,1,1,0,0
4201,1,0,0,0,0,0,0,0,0,Não,1,0,1,1,1,1,1,0,0
4228,1,1,1,1,1,1,0,0,0,Sim,1,0,1,1,1,1,1,0,0
4229,0,0,1,0,0,1,1,0,1,Sim,1,1,0,0,0,0,1,0,1
4238,0,1,0,0,0,1,1,0,1,Sim,1,1,0,1,1,0,1,0,0
4250,1,1,1,0,0,0,0,1,0,Não,1,1,1,1,1,1,1,0,0
4265,1,1,0,0,0,0,0,1,0,Sim,0,0,1,1,1,1,1,0,0
4267,0,1,1,0,0,0,0,0,0,Não,1,0,1,1,1,1,1,0,0
4280,1,0,0,0,0,0,0,0,0,Não,0,0,0,0,0,0,1,0,0
4281,0,1,0,0,0,0,1,0,0,Não,0,1,1,1,1,1,0,0,0
4287,1,1,1,0,1,0,0,1,0,Não,1,1,1,1,1,1,1,0,1
4298,1,0,1,0,1,0,0,1,0,Não,0,0,1,1,1,0,0,0,0
4305,1,0,0,0,0,0,0,0,0,Não,0,0,0,0,0,0,0,0,0
4312,1,1,0,1,1,0,0,1,0,Sim,1,1,1,1,1,1,1,1,1
4330,1,0,1,0,1,0,0,1,0,Não,1,1,1,0,1,1,1,0,1
4346,1,0,1,1,1,0,0,1,0,Não,1,0,1,1,1,1,0,0,0
4367,1,1,1,0,0,1,1,0,1,Sim,0,1,1,1,1,1,1,0,0
4381,1,1,0,0,0,0,1,0,1,Sim,1,0,1,1,1,0,1,0,0
4383,0,0,0,0,0,0,0,0,0,Não,0,0,1,1,1,1,1,0,0
4390,1,1,1,1,1,0,0,1,0,Sim,0,1,1,1,1,0,0,1,1
4396,1,1,1,1,0,0,0,1,0,Não,1,1,1,1,1,1,1,0,0
4407,1,1,1,0,0,0,0,1,0,Não,1,1,1,1,0,0,1,1,1
4409,1,1,1,1,1,0,1,1,1,Não,1,1,1,0,0,0,0,1,1
4417,1,0,1,1,1,0,0,1,0,Não,1,1,1,1,1,1,1,0,0
4429,1,1,1,1,0,0,0,0,0,Não,1,0,1,1,0,1,1,0,0
4430,1,1,0,1,1,0,0,0,0,Sim,1,0,1,1,1,1,0,0,0
4448,1,1,1,1,1,0,0,1,0,Não,1,0,1,1,1,1,1,0,0
4453,1,0,0,0,0,0,0,0,0,Sim,0,0,1,1,1,1,1,0,0
4457,1,0,0,0,0,0,1,0,1,Não,1,1,0,1,1,1,0,0,1
4458,1,1,1,1,1,0,0,1,0,Sim,1,0,1,1,1,1,1,0,0
4460,0,0,1,1,0,0,0,0,0,Não,1,0,1,1,1,1,0,0,0
4482,1,1,1,1,1,0,0,1,0,Sim,1,0,1,1,1,1,1,0,0
4502,1,1,1,1,1,0,0,1,0,Não,1,1,1,1,1,1,1,0,0
4512,1,1,1,0,0,0,0,0,0,Sim,1,1,1,1,1,1,1,0,0
4520,1,1,1,0,1,0,0,0,0,Sim,1,1,1,1,1,1,1,0,0
4545,1,1,1,0,0,0,0,0,0,Sim,1,0,1,1,1,1,1,0,0
4558,0,0,1,1,1,0,0,1,0,Não,1,0,1,1,1,1,1,0,0
4561,0,0,1,0,0,1,0,1,0,Não,1,1,1,1,1,1,1,0,0
4564,1,1,1,0,0,0,1,0,1,Sim,1,0,1,1,1,1,1,0,1
4576,1,1,1,1,1,0,0,0,0,Sim,1,1,1,1,1,1,1,0,0
4579,1,1,1,1,1,0,0,1,0,Sim,1,0,1,1,1,1,1,0,0
4581,0,0,0,0,0,0,0,0,0,Não,0,0,0,1,0,0,0,0,0
4604,0,1,1,0,0,0,0,0,0,Não,1,0,1,1,1,1,1,0,0
4609,1,0,1,1,1,0,1,0,0,Não,1,0,1,1,1,1,0,0,0
4613,1,1,1,0,0,1,1,0,1,Sim,1,1,1,1,1,1,0,1,1
4619,1,0,0,0,0,0,0,0,0,Não,1,0,1,1,1,1,0,0,0
4625,1,1,0,1,1,0,0,0,1,Não,0,1,1,1,1,1,1,0,0
4632,1,0,1,1,1,0,0,1,0,Sim,0,0,1,1,1,1,1,0,0
4636,0,0,0,0,0,0,0,0,0,Não,0,0,0,0,0,0,0,0,0
4660,1,1,1,1,1,0,0,1,0,Não,1,0,1,1,0,0,0,0,0
4674,1,1,1,1,1,0,0,1,0,Sim,1,0,1,1,1,1,1,0,0
4676,1,1,1,1,1,0,0,1,0,Não,1,0,1,1,1,1,1,0,0
4685,1,1,1,1,0,0,0,1,0,Não,1,0,1,1,1,1,1,0,0
4687,1,1,1,1,1,0,0,1,0,Sim,1,0,1,1,1,1,1,0,0
4700,1,1,0,0,0,1,1,0,1,Sim,1,0,1,1,1,1,1,0,0
4732,1,1,1,0,0,0,1,0,1,Não,0,1,1,1,1,1,0,1,1
4735,0,1,0,0,0,0,0,0,0,Não,1,1,1,1,1,0,1,0,0
4744,0,0,0,0,0,0,0,0,0,Não,0,0,1,0,0,0,1,0,0
4748,0,0,0,0,0,0,0,0,0,Não,0,0,1,1,1,0,0,0,0
4750,0,0,0,0,0,0,0,0,0,Não,0,0,0,0,0,0,0,0,0
4756,1,0,1,0,1,1,1,1,1,Não,1,0,1,1,1,1,1,0,0
4796,1,1,1,1,1,0,1,1,0,Sim,1,1,1,1,1,1,1,1,0
4804,1,1,1,1,1,0,0,1,0,Sim,1,0,1,1,1,1,1,0,0
4807,1,0,0,0,0,0,0,0,0,Não,1,0,1,1,1,0,0,0,0
4811,0,0,0,0,0,1,1,0,1,Não,0,1,1,1,0,0,1,1,1
4829,1,1,1,1,0,0,0,0,0,Não,0,0,1,1,0,0,1,0,0
4853,0,0,0,0,0,0,0,0,0,Não,0,1,0,0,0,0,1,1,0
4856,1,1,0,1,0,0,0,1,0,Não,0,1,1,1,1,1,0,0,1
4870,1,0,1,1,0,0,0,0,0,Não,0,1,1,1,1,0,1,0,1
4879,1,1,1,1,1,0,0,1,0,Sim,1,0,1,1,1,1,1,0,0
4881,1,1,1,1,1,0,0,1,0,Sim,1,1,1,1,1,1,1,0,0
4890,0,0,0,0,0,1,1,0,1,Sim,1,0,1,1,1,1,1,0,0
4894,1,1,1,1,0,0,0,0,0,Sim,1,1,1,1,1,1,0,1,1
4922,0,0,0,0,0,0,0,0,0,Não,0,0,1,0,0,0,0,0,0
4923,1,0,0,0,0,0,0,0,0,Não,1,1,1,1,1,1,0,1,0
4927,1,1,1,1,0,0,0,1,0,Sim,1,0,1,1,1,1,1,0,0
4928,0,0,0,0,0,0,0,0,0,Não,1,0,1,1,1,1,0,0,0
4931,1,0,1,1,1,0,1,1,0,Não,1,1,1,1,1,1,0,0,0
4936,1,1,1,1,1,0,0,0,0,Não,0,1,1,1,1,1,1,1,1
4940,1,1,1,1,1,0,1,1,0,Não,1,1,1,1,1,1,1,0,0
4945,1,1,1,1,1,0,0,1,0,Não,1,0,1,1,1,1,1,0,0
4949,1,0,1,1,0,1,1,0,1,Sim,1,1,1,1,1,1,0,1,1
4950,1,1,1,1,1,0,0,1,0,Não,1,0,1,1,1,1,1,0,0
4953,0,0,0,0,0,0,0,0,0,Não,0,0,0,0,0,0,0,0,0
4986,0,0,1,1,0,0,0,1,0,Não,1,1,1,1,1,1,0,0,0
4988,1,1,1,0,0,0,0,0,0,Não,1,0,1,1,1,1,1,0,0
5010,0,0,1,1,1,0,0,1,0,Não,0,0,0,0,0,0,1,0,0
5015,0,0,1,1,0,0,0,0,0,Não,1,0,1,1,1,1,0,0,0
5016,1,0,0,1,0,0,0,0,0,Não,1,0,1,1,1,1,1,0,0
5023,1,1,0,0,0,0,1,0,1,Sim,1,1,0,1,1,0,0,0,0
5036,1,0,1,0,1,0,1,0,1,Sim,0,1,1,1,1,1,1,0,1
5037,1,1,1,1,1,0,0,1,0,Sim,0,1,1,1,1,1,1,1,1
5052,0,0,1,0,1,1,1,0,1,Não,1,0,1,1,1,1,1,0,1
5096,1,1,1,1,1,0,0,1,0,Não,0,0,1,0,0,0,0,0,0
5097,1,0,1,1,1,0,1,1,0,Sim,1,1,1,1,1,1,1,0,0
5111,0,0,0,0,0,0,0,0,0,Não,0,0,0,0,0,0,0,0,0
5152,1,1,1,1,1,0,0,0,0,Sim,0,0,1,1,1,1,1,0,0
5154,0,1,0,0,0,0,0,0,0,Sim,0,1,1,1,1,1,1,0,0
5158,1,1,1,1,1,0,0,1,0,Não,0,0,1,1,1,1,1,0,0
5162,0,0,0,0,0,0,0,0,0,Não,1,0,1,1,1,1,0,0,0
5228,0,1,0,0,0,1,1,0,1,Sim,0,1,1,1,1,1,1,1,1
5237,1,1,0,0,0,1,1,0,1,Não,0,1,0,0,0,0,0,1,1
5242,0,0,1,1,1,0,0,0,0,Não,0,1,1,0,0,0,0,1,1
5244,1,1,1,1,1,0,0,1,0,Não,1,0,1,1,1,1,1,0,0
5245,0,0,0,0,0,0,0,0,0,Não,0,0,0,0,0,0,0,0,0
5249,1,1,1,1,1,0,0,0,0,Sim,1,1,1,1,1,1,1,0,1
5260,1,1,1,0,1,0,1,1,0,Não,1,1,1,1,1,1,1,0,0
5356,1,1,0,0,0,0,1,0,0,Não,1,0,0,1,0,1,1,0,0
5360,1,1,1,1,0,0,0,1,0,Sim,1,0,1,1,1,1,0,0,0
5361,1,1,1,1,1,0,0,1,0,Sim,1,0,1,1,1,1,1,0,0
5364,1,1,1,1,1,0,0,1,0,Não,1,0,1,1,1,1,1,0,1
5368,1,1,1,1,0,0,0,0,0,Sim,1,0,1,1,1,1,1,0,0
5372,1,0,0,0,0,0,0,0,0,Não,0,1,1,1,1,0,0,0,1
5376,1,1,1,1,1,0,0,0,0,Sim,1,0,1,1,1,1,0,0,0
5383,0,0,0,0,0,0,0,0,0,Não,0,0,1,1,0,0,0,0,0
5406,1,0,0,0,0,0,0,0,0,Não,0,0,1,0,0,0,0,0,0
5408,0,0,0,0,0,0,0,0,0,Não,1,0,1,1,1,1,1,0,0
5428,1,0,0,0,0,0,0,0,0,Não,0,0,0,0,0,0,0,0,0
5437,1,1,0,1,0,1,1,0,1,Não,1,0,1,1,1,1,1,0,0
5459,1,1,1,1,1,0,0,1,0,Não,1,0,1,1,1,1,1,0,0
5469,1,1,1,1,1,0,0,1,0,Sim,1,0,1,1,1,1,1,0,0
5470,1,1,1,1,1,0,0,1,0,Sim,1,1,1,1,1,1,1,0,0
5481,1,1,1,1,1,0,0,0,0,Sim,1,0,1,1,1,1,1,0,0
5484,0,0,0,0,0,0,0,0,0,Não,0,0,0,0,0,0,0,0,0
5485,1,0,0,0,0,0,1,0,1,Sim,1,0,1,1,1,1,1,0,0
5489,1,1,1,1,1,0,0,0,0,Não,1,1,1,1,1,1,1,0,0
5516,1,1,1,0,1,0,0,0,0,Sim,1,0,1,1,1,0,1,0,0
5535,1,1,1,0,0,0,0,1,0,Não,1,0,1,1,1,1,1,0,0
5540,1,1,1,1,1,0,1,1,0,Não,1,1,1,1,1,1,1,0,0
5557,1,0,1,0,1,0,1,0,1,Não,0,1,1,1,0,0,1,1,1
5576,1,1,1,1,1,0,0,1,0,Não,1,0,1,1,1,1,0,0,0
5582,1,1,1,1,1,0,0,1,0,Não,1,0,1,1,1,1,1,0,0
5585,0,0,0,0,0,0,0,0,0,Não,1,0,1,1,0,1,0,0,0
5588,1,1,1,0,1,0,1,1,0,Sim,1,1,1,1,1,1,1,0,0
5631,1,1,0,0,0,0,0,1,0,Sim,1,0,1,1,0,1,1,0,0
5637,0,0,0,0,0,0,0,0,0,Não,0,0,1,1,1,1,0,0,0
5658,1,1,1,1,1,0,0,0,0,Sim,1,1,1,1,1,1,1,1,0
5661,1,0,0,0,0,0,0,0,0,Não,0,0,0,0,0,0,0,0,0
5663,1,0,1,1,1,0,0,1,0,Não,0,1,1,1,1,0,0,0,0
5672,0,0,0,0,0,0,0,0,0,Não,0,0,1,1,1,1,0,0,0
5675,1,1,1,1,1,0,0,1,0,Não,1,0,1,1,1,1,1,0,0
5679,1,1,1,1,1,0,0,1,0,Não,1,0,1,1,1,1,1,0,0
5695,0,0,0,0,0,0,0,0,0,Não,1,0,1,1,1,1,1,0,0
5703,1,1,1,1,1,0,0,1,0,Sim,1,0,1,1,1,1,0,0,0
5708,0,0,0,0,0,0,0,0,0,Não,0,0,0,0,0,0,0,0,0
5709,1,1,1,1,1,0,1,1,1,Não,1,1,1,1,1,1,1,0,1
5727,1,1,1,1,1,0,0,1,0,Sim,1,1,1,1,1,1,1,0,0
5738,0,0,0,0,0,0,0,0,0,Não,0,0,1,1,0,0,0,0,0
5750,1,1,1,1,1,0,0,1,0,Não,0,1,1,1,1,0,1,0,0
5757,0,1,0,0,0,0,0,0,0,Não,1,0,1,0,0,0,1,0,0
5771,1,1,1,1,1,0,0,1,0,Não,1,0,1,1,1,1,1,0,0
5783,1,1,1,1,1,0,0,1,0,Não,0,1,1,1,1,1,0,1,1
5799,1,1,1,1,1,0,0,1,0,Sim,1,0,1,1,1,1,1,0,0
5836,1,1,1,1,1,0,0,1,0,Sim,1,0,1,1,1,1,1,0,0
5848,0,1,1,1,1,0,0,0,0,Não,1,0,1,1,1,1,1,0,0
5849,1,0,1,1,1,0,0,1,0,Não,1,0,1,1,1,1,0,0,0
5863,1,1,1,1,1,0,0,1,0,Sim,1,1,1,1,1,1,0,0,0
5881,1,1,1,1,1,0,0,1,0,Não,1,1,1,1,1,1,1,1,1
5890,1,1,1,0,0,1,1,0,1,Sim,1,0,1,1,1,1,1,0,0
5893,0,0,0,0,0,0,0,0,0,Não,0,0,1,1,1,0,0,0,0
5907,1,0,0,0,0,0,0,0,0,Não,1,0,1,1,1,1,0,0,0
5917,1,1,1,1,1,0,0,1,0,Sim,1,0,1,1,1,1,1,0,0
5919,1,1,1,1,1,0,0,1,0,Sim,1,0,1,1,1,1,1,0,0
5927,0,0,0,0,0,0,0,0,0,Não,1,0,1,1,1,1,0,0,0
5935,1,1,1,1,0,0,1,0,1,Sim,1,1,1,1,1,1,1,1,1
5943,0,0,0,0,0,0,0,0,0,Não,0,0,1,0,0,0,0,0,0
5944,1,1,1,1,0,1,1,0,1,Sim,1,1,1,1,1,1,1,1,0
5968,1,1,1,1,1,0,0,1,0,Não,1,0,1,1,1,1,1,0,0
5976,0,0,1,1,0,0,0,0,0,Não,1,0,1,1,1,1,1,0,0
5980,1,1,1,1,1,0,0,1,0,Sim,1,0,1,1,1,1,1,0,0
5990,0,0,0,0,0,0,0,0,0,Não,0,0,0,0,0,0,0,0,0
6025,1,1,1,0,0,0,0,1,0,Sim,0,0,1,1,1,1,1,0,0
6034,0,1,0,0,0,0,0,0,0,Não,1,0,1,1,1,1,1,0,0
6038,1,1,1,1,0,0,1,0,0,Sim,1,0,1,1,1,0,1,0,0
6063,1,0,0,0,0,1,1,1,1,Sim,0,1,0,0,0,0,0,1,1
6070,1,0,0,0,0,0,0,0,0,Não,1,1,0,0,0,0,1,0,0
6076,1,1,1,1,0,0,0,1,0,Sim,1,0,1,1,1,1,1,0,0
6108,0,1,0,0,0,0,1,0,0,Sim,0,0,1,0,0,0,0,0,0
6120,1,1,0,0,1,1,1,0,1,Não,0,1,0,0,0,0,0,0,1
6126,1,1,1,1,1,0,0,1,0,Sim,1,0,1,1,1,1,1,0,0
6163,0,0,1,0,0,0,0,0,0,Não,1,0,1,1,1,1,0,0,0
6166,0,0,1,0,0,0,0,0,0,Não,1,0,1,1,1,1,1,0,0
6184,1,1,1,1,1,0,0,1,0,Sim,0,0,1,1,1,1,1,0,0
6192,1,1,1,1,1,0,1,1,0,Sim,1,1,1,1,1,1,1,0,0
6216,0,0,0,0,0,0,0,0,0,Não,1,0,1,1,1,1,1,0,0
6218,1,1,1,1,1,0,0,1,0,Não,1,1,1,1,1,1,0,1,0
6228,1,0,1,1,1,0,1,1,0,Sim,0,1,1,1,1,1,1,0,1
6231,1,1,1,1,1,0,1,1,0,Não,1,0,1,1,1,1,1,0,0
6233,0,0,0,0,0,0,0,0,0,Não,0,0,1,1,1,1,0,0,0
6244,1,1,1,1,1,0,0,1,0,Sim,1,0,1,1,1,1,1,0,0
6275,0,0,0,0,0,0,0,0,0,Não,1,0,1,0,0,0,1,0,0
6284,1,0,0,0,0,0,0,0,0,Não,1,0,1,0,0,0,0,0,0
6297,0,0,0,0,0,0,0,0,0,Não,0,0,0,0,0,0,0,0,0
6310,0,0,0,1,0,0,0,0,0,Não,0,0,1,1,0,0,0,0,0
6318,1,1,1,1,1,0,0,1,0,Sim,1,0,1,1,1,1,1,0,0
6322,1,1,0,0,0,1,1,0,1,Não,1,0,1,1,0,0,1,0,0
6329,0,1,0,0,0,1,1,0,1,Sim,0,1,1,1,1,1,0,1,0
6331,1,0,0,0,0,1,1,0,0,Não,0,1,1,1,1,0,0,1,1
6336,1,1,1,1,1,0,0,1,0,Sim,1,0,1,1,1,1,1,0,0
6345,1,1,0,0,1,0,0,1,0,Sim,1,1,1,1,1,1,1,0,0
6351,0,0,0,0,0,0,0,0,0,Não,0,0,1,1,1,1,0,0,0
6361,1,1,1,0,1,0,0,0,1,Sim,1,0,1,1,1,1,1,0,0
6376,0,1,0,0,0,0,1,0,1,Não,0,0,1,1,1,0,1,0,0
6383,1,1,0,0,0,0,0,0,0,Não,0,0,0,0,0,0,1,0,0
6392,0,0,0,0,0,0,0,0,0,Não,0,0,0,0,0,0,0,0,0
6401,0,0,0,1,0,0,0,0,0,Não,1,0,0,1,1,0,0,0,0
6402,1,1,1,1,1,0,0,1,0,Não,1,0,1,1,1,1,1,0,0
6410,0,0,1,1,1,0,0,0,0,Não,1,0,1,1,1,0,1,0,0
6414,1,1,0,1,1,0,0,0,0,Sim,1,0,1,0,1,0,1,0,0
6417,1,1,1,1,1,0,0,0,0,Sim,1,1,1,1,1,1,1,0,0
6436,1,0,1,1,1,1,0,1,0,Não,1,0,1,1,1,1,1,0,0
6442,1,1,1,1,1,0,0,1,0,Sim,1,0,1,1,1,1,1,0,0
6475,0,1,0,0,0,0,0,0,0,Não,0,0,1,1,1,0,0,0,0
6488,1,1,1,1,0,0,0,1,0,Sim,0,1,1,1,1,1,1,0,0
6507,1,1,1,0,0,0,0,0,0,Sim,1,0,1,1,1,1,1,1,0
6508,0,1,0,0,0,0,0,0,0,Não,1,0,1,1,1,1,1,0,0
6510,1,1,0,1,0,0,1,0,0,Não,1,0,1,1,1,1,1,0,0
6540,1,1,1,1,1,0,0,1,0,Sim,1,1,1,1,1,1,1,0,0
6549,0,0,0,0,0,0,0,0,0,Não,0,0,1,1,1,1,0,0,0
6566,1,1,1,1,1,0,0,1,0,Sim,1,0,1,1,1,0,1,0,0
6583,1,1,0,0,0,0,0,0,1,Não,1,0,1,1,1,1,1,0,0
6590,1,1,0,0,1,1,1,0,0,Não,1,0,0,0,0,0,1,0,0
6591,1,0,1,1,1,1,0,1,0,Não,1,0,1,1,1,1,1,0,1
6592,1,0,1,1,1,0,0,1,0,Não,1,0,1,1,1,1,0,0,0
6606,1,1,1,0,0,0,0,0,0,Sim,0,1,1,1,1,0,0,1,1
6607,1,1,1,1,1,0,0,1,0,Sim,1,0,1,1,1,1,1,0,0
6609,0,0,1,0,0,0,0,0,0,Não,0,0,1,0,0,0,0,0,0
6610,0,0,0,0,0,0,0,0,0,Não,0,0,0,0,0,0,0,0,0
6616,1,1,1,1,1,0,0,1,0,Não,1,0,1,1,1,1,1,0,0
6628,1,1,1,1,1,0,0,1,0,Sim,1,0,1,1,1,1,1,0,1
6631,1,1,1,1,1,0,1,1,0,Sim,1,1,1,1,1,1,1,0,1
6643,1,1,1,1,1,0,0,1,0,Sim,1,0,1,1,1,1,1,0,0
6645,1,1,0,0,0,1,0,1,1,Sim,1,0,1,1,1,1,1,0,0
6672,1,1,1,1,1,0,0,1,0,Sim,1,0,1,1,1,1,1,0,0
6676,1,1,1,1,0,0,0,0,0,Não,1,0,1,1,1,1,1,0,0
6677,1,1,1,1,1,0,0,1,0,Sim,1,0,1,1,1,1,1,0,0
6681,0,0,0,0,0,0,0,0,0,Não,0,0,1,1,1,1,0,0,0
6693,1,1,1,1,1,0,0,1,0,Sim,1,0,1,1,1,1,1,0,0
6697,1,0,0,0,0,0,0,0,0,Não,1,1,1,1,1,1,0,0,0
6700,0,0,0,0,0,0,0,0,0,Não,0,0,0,0,0,0,0,0,0
6703,1,1,1,1,0,0,0,1,0,Sim,1,0,1,1,1,1,1,0,0
6717,1,1,0,1,1,0,0,0,0,Sim,1,1,1,0,1,1,1,0,0
6744,1,1,1,1,1,0,0,1,0,Não,1,1,1,1,1,1,1,0,0
6746,0,1,0,1,0,1,1,1,1,Sim,0,1,1,1,1,0,1,1,1
6754,0,1,1,0,1,1,1,1,1,Não,1,0,1,1,1,1,1,0,0
6768,1,0,1,1,0,1,1,1,1,Sim,1,0,1,1,1,1,1,0,0
6777,1,1,1,1,0,0,0,1,0,Sim,1,0,1,1,1,1,1,0,0
6780,1,1,1,1,0,0,0,1,0,Sim,1,1,1,1,1,1,1,0,0
6781,0,0,0,0,0,0,0,0,0,Não,0,0,0,1,0,0,1,0,0
6787,1,1,1,0,1,0,0,0,0,Não,1,1,1,1,1,0,1,0,0
6788,1,1,1,1,1,1,0,0,0,Sim,0,1,1,1,1,1,0,0,0
6797,1,1,1,1,1,1,0,1,0,Sim,1,0,1,1,1,1,1,0,0
6801,1,1,1,1,0,0,1,1,0,Não,1,1,1,1,1,1,1,0,1
6808,1,1,1,1,0,0,0,1,0,Sim,1,0,1,1,1,1,1,0,0
6812,1,1,1,1,1,0,0,1,0,Sim,1,0,1,1,1,1,1,0,0
6821,1,1,0,0,0,0,0,0,0,Não,1,1,0,1,1,1,0,0,0
6839,0,0,0,0,0,0,0,0,0,Não,0,0,1,0,0,0,0,0,0
6848,1,0,1,0,0,1,0,1,0,Não,1,0,1,1,1,0,1,0,0
6863,0,0,0,0,0,0,0,0,0,Não,0,0,0,0,0,0,0,0,0
6886,0,0,0,0,0,0,0,0,0,Não,1,0,1,0,1,0,1,0,0
6890,1,0,0,0,0,0,0,0,0,Não,0,0,1,1,1,1,0,0,0
6898,0,1,0,0,1,1,1,1,1,Sim,0,1,1,1,1,1,1,0,1
6899,1,1,1,1,0,0,0,1,0,Não,0,1,0,0,0,0,0,1,1
6926,0,0,0,0,0,0,0,0,0,Não,1,0,1,1,1,1,1,0,0
6939,1,1,1,1,1,0,0,1,0,Não,1,0,1,1,1,1,1,0,0
6946,0,1,1,1,0,1,1,1,1,Sim,1,1,1,1,1,1,1,1,0
6959,1,0,1,1,1,0,0,1,0,Não,1,0,1,1,1,1,1,0,0
6976,0,0,0,0,0,0,0,0,0,Não,0,0,0,0,0,0,0,0,0
6985,0,0,0,0,0,0,0,0,0,Não,1,0,1,1,1,0,0,0,0
6993,1,1,1,1,1,0,0,1,0,Sim,1,0,1,1,1,1,1,0,0
6994,1,1,1,0,0,1,1,0,1,Não,1,1,1,1,1,1,1,1,1
6998,1,1,0,0,1,0,0,0,0,Sim,1,0,1,1,1,1,1,0,0
7032,1,1,1,1,1,0,0,1,0,Não,1,0,1,1,1,1,1,0,0
7033,0,0,1,0,0,0,0,0,0,Não,0,0,1,0,0,0,0,0,0
7035,0,0,1,1,1,0,0,0,0,Não,1,0,1,1,1,1,1,0,0
7049,1,0,1,1,1,0,0,1,0,Sim,1,0,1,1,1,1,1,0,0
7063,1,1,0,0,1,0,0,0,1,Sim,0,1,1,1,1,0,1,0,1
7074,0,0,0,0,0,0,0,0,0,Não,0,0,1,1,1,1,1,0,0
7075,0,0,0,0,0,0,0,0,0,Não,0,0,0,0,0,0,0,0,0
7076,1,1,1,0,1,0,0,1,0,Sim,0,1,1,1,1,1,1,1,1
7130,1,1,1,1,1,0,0,1,0,Não,1,0,1,1,0,0,1,1,0
7144,0,0,0,0,0,0,0,0,0,Não,0,0,1,1,1,1,1,0,0
7151,0,0,1,0,0,0,0,0,0,Não,0,0,0,0,0,0,0,0,0
7155,1,1,1,1,1,0,0,1,0,Não,1,0,1,1,1,1,0,0,0
7157,1,1,0,1,1,0,0,1,0,Sim,0,0,1,1,1,1,1,0,0
7159,0,0,1,0,1,0,0,0,0,Não,1,0,1,1,1,1,1,0,0
7162,1,0,1,0,0,0,1,1,1,Sim,1,0,1,1,1,1,1,0,0
7171,0,0,0,0,0,0,0,0,0,Não,0,0,0,0,0,0,0,0,0
7175,1,1,0,0,0,0,1,0,1,Sim,1,0,1,1,1,1,1,0,0
7180,1,0,1,1,1,0,0,0,0,Não,1,0,1,1,1,1,1,0,0
7193,1,1,1,1,1,0,0,1,0,Sim,1,0,1,1,1,1,1,0,0
7194,1,1,0,1,0,0,1,1,1,Sim,0,1,1,0,0,0,0,0,1
7196,1,0,1,1,0,1,1,1,1,Não,1,1,1,1,1,1,0,1,1
7203,1,1,1,0,0,1,1,1,1,Sim,1,0,1,1,1,1,1,0,0
7215,1,1,1,1,1,0,0,1,0,Sim,1,0,1,1,1,1,1,0,0
7226,0,0,0,0,0,0,0,0,0,Não,1,0,1,1,1,1,1,0,0
7234,1,0,0,0,0,0,0,0,0,Não,0,0,0,0,0,0,0,0,0
7245,0,1,1,1,1,0,0,1,0,Não,1,0,1,1,1,0,0,1,0
7254,1,1,1,1,1,0,0,0,0,Não,1,1,1,1,1,0,1,0,0
7258,0,0,1,0,1,0,0,0,0,Não,0,0,1,1,1,1,1,0,0
7260,1,1,0,0,0,1,1,0,1,Sim,0,1,0,0,0,0,0,1,1
7268,1,1,1,0,1,0,0,0,0,Sim,0,1,1,1,1,1,1,0,1
7277,1,1,1,0,0,0,0,1,0,Não,1,0,1,1,1,1,1,0,0
7279,1,1,1,0,1,0,1,1,0,Sim,0,1,1,1,1,0,0,1,1
7286,1,0,1,1,1,0,0,1,0,Sim,1,0,1,1,1,1,1,0,0
7302,1,1,0,1,0,0,0,0,0,Não,1,0,1,1,1,1,1,0,0
7305,1,1,1,0,1,0,0,1,0,Sim,1,0,1,1,1,1,1,0,0
7311,1,0,0,0,0,1,0,0,0,Não,1,0,1,1,1,1,1,0,0
7317,1,1,1,1,1,1,1,1,1,Sim,1,1,1,1,1,1,1,1,1
7320,1,1,1,1,1,0,0,1,0,Sim,1,0,1,1,1,1,1,0,0
7326,1,1,1,0,0,0,0,0,0,Não,1,0,1,1,1,1,1,0,0
7331,1,1,0,0,0,0,0,0,0,Não,0,0,1,1,1,0,1,0,0
7339,1,1,1,1,0,0,0,0,0,Sim,1,0,1,1,1,0,1,0,0
7357,1,0,1,0,1,0,0,0,0,Não,1,0,1,1,1,1,1,0,0
7367,1,0,1,1,1,0,0,1,0,Sim,1,0,1,1,1,1,1,0,0
7370,1,0,1,1,1,0,0,1,0,Não,0,0,1,1,1,1,0,0,0
7371,1,1,1,1,0,0,0,0,0,Sim,1,0,1,1,1,1,0,1,0
7373,1,0,0,0,0,1,1,0,1,Não,1,0,1,1,1,1,1,0,0
7375,0,0,0,0,0,0,0,0,0,Não,0,0,1,1,0,0,0,0,0
7381,1,1,1,0,0,0,0,0,0,Não,1,0,0,0,0,0,0,0,0
7397,0,0,0,1,0,0,0,0,0,Não,1,0,1,1,1,1,1,0,0
7398,0,0,1,0,0,0,0,0,0,Não,1,0,1,1,0,0,0,0,0
7421,1,1,1,1,1,0,0,0,0,Não,1,1,1,1,1,1,1,0,0
7442,1,1,1,1,1,0,0,1,0,Sim,1,0,1,1,1,1,1,0,0
7450,1,1,1,1,1,0,0,1,0,Sim,1,0,1,1,1,1,1,0,0
7454,1,1,0,0,1,0,0,0,0,Sim,1,0,1,1,1,1,1,0,0
7455,1,1,1,1,1,0,0,0,0,Sim,1,0,1,1,1,1,1,0,0
7460,0,0,0,0,0,1,1,0,0,Não,0,0,1,1,1,1,0,0,0
7466,1,1,1,1,1,0,0,1,0,Sim,1,0,0,1,0,1,1,0,0
7480,1,1,1,1,1,0,0,1,0,Sim,1,0,1,1,1,1,1,0,0
7492,1,1,0,0,0,0,0,1,0,Sim,1,0,0,0,0,0,0,0,0
7494,1,1,1,1,1,0,1,1,1,Sim,1,1,1,1,1,1,1,1,0
7535,0,0,0,1,1,1,1,0,1,Sim,0,1,1,1,1,1,0,1,1
7540,0,1,1,1,1,0,0,1,0,Sim,0,1,1,1,1,1,1,0,0
7543,0,0,0,0,0,0,0,0,0,Não,0,0,0,0,0,0,0,0,0
7546,0,1,0,0,0,0,0,0,0,Não,0,0,1,0,0,0,0,0,0
7547,1,1,1,1,1,0,0,1,0,Não,1,0,1,1,1,1,1,0,0
7556,1,1,1,0,1,0,0,1,0,Sim,1,0,1,1,1,1,1,0,0
7574,1,1,1,1,1,0,0,1,0,Sim,1,0,1,1,1,1,1,0,0
7576,1,1,1,0,1,0,1,0,1,Sim,0,1,1,1,1,1,1,0,1
7588,1,1,1,1,1,0,0,1,0,Sim,1,0,1,1,1,1,1,0,0
7595,1,1,1,0,1,0,0,1,0,Sim,1,0,1,1,1,1,1,0,0
7598,1,1,1,1,1,0,0,1,0,Sim,1,1,1,1,1,1,1,0,0
7611,1,0,0,0,0,1,1,0,0,Sim,0,1,1,1,1,1,0,1,1
7623,1,1,1,1,1,0,0,0,0,Não,0,1,1,1,1,1,0,0,0
7624,1,0,1,1,1,0,0,1,0,Não,1,0,1,1,1,1,0,0,0
7630,1,0,0,1,0,0,0,0,0,Não,0,1,1,1,1,1,1,0,0
7637,1,1,1,1,1,0,0,1,0,Sim,1,0,1,1,1,1,1,0,0
7638,1,1,1,1,0,0,0,1,0,Não,1,0,1,1,1,1,1,1,0
7648,1,1,1,1,1,0,1,1,0,Sim,0,1,1,1,1,1,0,1,1
7667,1,0,1,1,1,1,1,1,1,Sim,0,1,1,1,1,1,0,1,1
7680,0,1,0,0,0,0,0,0,0,Não,0,1,1,0,0,0,1,1,1
7703,1,1,1,0,1,0,0,1,0,Não,0,1,1,1,1,1,1,0,0
7712,0,0,0,0,0,0,0,0,0,Não,0,0,0,0,0,0,0,0,0
7717,1,1,1,1,1,0,0,1,0,Sim,1,0,1,1,1,1,1,0,0
7719,1,1,1,0,1,0,0,1,0,Sim,1,0,1,1,1,1,1,0,0
7728,1,1,1,1,1,0,0,1,0,Sim,1,0,1,1,1,1,1,0,0
7820,1,1,1,1,1,0,0,1,0,Não,1,0,1,1,1,1,1,0,0
7826,1,0,1,0,1,0,0,1,0,Não,0,1,1,1,0,1,0,1,1
7845,0,0,1,1,0,0,0,0,0,Não,1,0,1,1,1,1,1,0,0
7849,1,1,1,0,0,0,1,0,0,Não,0,1,1,1,1,1,0,1,1
7859,1,0,1,1,1,0,1,1,0,Sim,0,1,1,1,1,1,0,0,0
7861,1,1,1,1,1,0,0,1,0,Sim,1,0,1,1,1,1,1,0,0
7877,1,0,1,1,0,0,0,0,0,Não,0,0,0,0,0,0,0,0,0
7897,1,1,1,1,1,0,0,1,0,Não,1,0,0,0,0,0,0,0,0
7904,1,1,1,1,1,0,0,1,0,Sim,1,0,1,1,1,1,1,0,0
7905,0,1,0,0,0,0,1,0,0,Sim,1,0,1,1,1,1,0,1,0
7939,1,0,1,0,0,0,0,0,0,Não,1,0,1,1,1,0,1,0,0
7950,1,1,1,1,1,0,0,1,0,Não,1,0,1,1,1,1,1,0,0
7952,1,1,1,0,1,0,1,1,0,Sim,1,0,1,1,1,1,1,0,0
7959,1,1,1,1,1,0,0,1,0,Não,1,0,1,1,1,1,1,0,0
7966,1,0,1,1,1,0,0,1,0,Sim,1,0,1,1,1,1,0,0,0
7969,1,1,1,1,0,0,0,1,0,Sim,1,0,1,1,1,1,1,0,0
7981,1,1,0,0,0,0,0,0,1,Sim,1,0,1,1,1,1,1,0,0
7987,1,1,1,1,1,0,0,1,0,Sim,0,0,1,1,1,1,1,0,0
8027,1,1,1,1,1,0,0,1,0,Não,1,0,1,1,1,1,1,0,0
8032,1,1,1,1,1,0,0,1,0,Sim,1,0,1,1,1,1,1,0,0
8033,1,1,0,1,1,0,0,0,1,Sim,1,1,1,1,1,1,1,0,0
8038,1,0,0,1,0,0,1,1,1,Não,1,1,1,1,1,0,0,0,1
8047,1,1,0,1,1,0,0,0,0,Não,1,0,1,1,1,1,1,0,0
8048,1,1,1,1,1,0,0,1,0,Sim,1,0,1,1,1,1,1,0,0
8062,0,0,0,0,0,0,0,0,0,Não,0,0,1,0,0,0,0,0,0
8072,0,1,0,0,0,0,0,0,0,Sim,1,0,1,1,1,0,1,0,0
8077,1,0,1,1,1,0,0,0,0,Não,1,0,1,1,1,1,1,0,0
8079,1,1,1,0,1,0,0,1,0,Sim,1,0,1,1,1,1,1,0,0
8098,1,1,1,1,1,0,0,1,0,Não,1,0,1,1,1,1,1,0,0
8102,1,0,1,0,1,0,1,1,0,Não,0,1,0,0,0,0,0,0,0
8107,1,1,1,1,0,0,0,1,1,Não,0,1,1,1,1,0,0,0,1
8114,0,0,0,0,0,0,0,0,0,Não,0,0,1,1,1,0,0,0,0
8116,1,1,1,1,1,0,0,1,0,Sim,1,0,1,1,1,1,1,0,0
8117,1,1,1,1,1,0,0,1,0,Não,1,0,0,0,0,0,0,0,0
8118,0,0,0,0,0,0,0,0,0,Não,0,0,0,0,0,0,0,0,0
8119,0,0,0,0,0,0,0,0,0,Não,0,0,1,0,0,0,0,0,0
8133,0,0,1,1,0,1,0,1,0,Não,0,1,0,0,0,0,0,0,1
8139,1,1,0,0,0,0,1,0,1,Sim,1,1,0,1,1,1,1,0,0
8147,1,1,1,1,0,0,0,1,0,Sim,1,1,1,1,1,1,1,0,0
8165,1,0,1,1,1,1,1,0,0,Sim,1,1,1,1,1,1,1,0,0
8171,1,0,1,0,1,1,0,1,1,Sim,1,1,1,1,1,0,0,1,1
8175,1,1,1,0,0,0,0,1,0,Sim,1,0,1,1,1,1,1,0,0
8186,0,0,1,1,1,0,0,0,0,Não,0,1,1,1,1,1,1,0,1
8190,1,1,1,0,1,0,1,1,0,Sim,1,1,1,1,1,1,1,0,0
8204,0,0,0,1,0,0,0,0,1,Não,1,0,1,1,1,1,1,0,0
8206,0,0,0,0,0,0,0,0,0,Não,0,0,0,0,0,0,0,0,0
8241,1,0,0,0,0,0,0,0,0,Não,0,0,0,0,0,0,0,0,0
8242,1,1,0,0,0,0,0,0,0,Sim,1,0,1,0,0,0,0,0,0
8251,1,1,0,0,1,1,0,0,0,Sim,0,0,1,1,1,0,1,1,0
8255,1,1,1,1,1,0,0,1,0,Não,1,0,1,1,1,1,1,0,0
8257,1,1,1,1,1,0,0,1,0,Não,0,1,1,1,1,1,1,0,0
8275,0,0,0,0,0,0,1,0,1,Não,0,0,1,0,0,0,0,0,0
8280,0,0,0,0,0,0,0,0,0,Não,1,0,1,1,1,0,0,0,0
8288,0,0,0,0,0,0,0,0,0,Não,0,0,0,0,0,0,0,0,0
8304,1,0,1,0,0,0,0,0,0,Não,1,0,1,1,1,1,0,0,0
8309,1,0,1,1,1,0,0,1,1,Sim,1,1,1,1,1,1,0,0,0
8318,1,1,1,1,1,0,1,0,0,Sim,1,0,1,1,1,1,1,0,0
8325,0,0,1,1,1,1,0,0,0,Não,0,0,1,1,1,1,1,0,0
8337,1,1,1,1,1,0,0,1,0,Sim,1,0,1,1,1,1,1,0,0
8388,1,1,1,1,0,0,0,1,0,Não,1,0,1,1,1,1,1,0,0
8403,1,1,1,1,0,0,0,0,0,Sim,1,0,1,1,1,0,1,0,0
8411,0,0,0,0,0,0,0,0,0,Não,0,0,0,0,0,0,0,0,0
8429,0,0,0,0,0,0,0,0,0,Não,0,0,1,0,1,0,0,0,0
8450,1,0,1,1,1,0,0,1,0,Sim,0,0,1,1,1,1,1,0,0
8451,0,0,0,0,0,0,0,0,0,Não,1,0,1,1,1,1,1,0,0
8474,0,0,0,1,0,0,0,0,0,Não,0,0,1,1,1,0,0,0,0
8480,1,1,1,0,1,0,0,1,0,Sim,1,1,1,1,1,1,0,0,0
8515,0,0,0,0,0,1,0,0,1,Não,0,0,1,1,1,1,1,0,0
8523,1,1,1,1,1,0,0,1,0,Sim,1,1,1,1,1,1,1,0,0
8561,1,1,1,1,1,0,0,1,0,Sim,1,0,1,1,1,1,1,0,0
8574,1,1,0,1,1,0,0,1,0,Sim,1,1,1,1,1,1,1,1,1
8575,1,1,0,0,0,0,0,0,0,Sim,0,1,0,0,0,0,1,1,0
8635,0,0,0,0,0,0,0,0,0,Não,1,0,1,1,1,1,1,0,0
8679,0,1,0,0,0,0,0,0,0,Não,1,0,1,1,1,1,0,0,0
8681,1,0,1,1,1,0,0,1,0,Sim,1,0,1,1,1,1,1,0,0
8682,0,0,0,0,0,0,1,0,0,Não,0,1,0,0,0,0,0,0,0
8685,0,0,0,1,0,1,1,0,1,Não,1,1,1,1,1,0,0,1,1
8691,0,0,0,0,0,0,0,0,0,Não,1,0,0,0,0,0,1,0,0
8695,1,1,0,0,0,0,0,0,0,Não,1,0,1,1,0,1,1,0,0
8722,1,1,1,0,0,0,0,1,0,Sim,1,0,1,1,1,1,1,0,0
8725,1,1,1,1,1,0,0,1,0,Não,1,0,1,1,1,1,0,0,0
8749,0,1,1,1,1,1,1,0,1,Não,1,0,1,1,1,1,1,0,0
8760,0,1,1,0,0,0,1,0,1,Não,0,1,0,0,0,0,0,0,1
8781,0,0,0,0,0,0,0,0,0,Não,1,0,1,1,1,1,0,0,0
8800,1,0,0,0,0,0,1,0,1,Não,0,1,1,0,1,0,0,0,0
8826,0,0,1,1,0,0,0,0,0,Não,1,1,0,1,1,1,0,0,0
8856,1,1,1,1,1,0,0,1,0,Sim,1,0,1,1,1,1,1,0,0
8884,0,0,0,0,0,0,0,0,0,Não,1,0,1,1,1,1,0,0,0
8893,1,0,0,0,0,0,1,0,0,Não,0,0,1,0,0,0,1,0,0
8906,1,1,1,1,1,0,0,1,0,Sim,1,0,1,1,1,1,1,0,0
8909,1,1,1,1,1,0,0,1,0,Sim,1,0,1,1,1,1,1,0,0
8911,1,1,1,1,1,0,0,0,0,Não,1,0,1,1,1,1,1,0,0
8919,1,0,1,1,1,1,1,1,1,Não,0,1,1,1,1,1,1,1,1
8931,1,1,1,0,1,0,0,1,0,Sim,1,1,1,1,1,1,1,0,0
8933,1,1,0,1,1,0,0,1,0,Não,1,0,1,1,1,1,1,0,0
8935,0,0,1,0,0,0,0,0,0,Não,0,0,1,0,0,0,0,0,0
8936,1,0,1,0,1,0,0,1,0,Sim,0,1,1,1,1,1,0,0,1
8968,1,1,1,0,1,0,0,1,0,Sim,1,1,1,1,1,1,1,0,0
8982,1,1,1,1,1,0,0,1,0,Não,1,0,1,1,1,1,1,0,0
8999,1,1,1,1,1,1,0,0,1,Não,1,0,1,1,1,1,1,0,0
9005,1,0,0,0,0,0,0,0,0,Não,0,1,0,0,0,0,0,0,0
9011,0,1,1,1,1,0,0,1,0,Sim,1,0,1,1,1,1,1,0,0
9023,1,1,1,1,1,0,0,1,0,Sim,1,1,1,1,1,1,1,0,0
9025,1,1,1,1,1,0,1,1,0,Não,1,1,1,1,1,1,1,0,1
9027,1,1,0,0,1,1,1,0,1,Sim,1,1,1,1,0,0,0,1,1
9035,0,1,1,1,1,0,0,0,0,Não,1,0,1,0,1,1,1,0,0
9042,0,1,1,1,1,0,1,1,0,Sim,1,0,1,1,1,1,1,0,0
9047,0,0,0,0,0,0,0,0,0,Não,0,0,0,0,0,0,0,0,0
9056,1,0,1,1,1,0,0,1,0,Sim,1,0,1,1,1,1,0,0,0
9057,0,0,1,1,1,1,1,1,1,Não,1,0,1,1,1,1,1,0,0
9063,1,1,1,1,1,0,0,1,0,Sim,1,0,1,1,1,1,1,0,0
9064,0,1,0,0,0,0,0,0,0,Não,1,0,1,1,1,1,1,0,0
9082,1,1,1,1,0,0,0,1,0,Sim,1,0,1,1,1,1,1,0,0
9091,1,1,1,0,1,0,0,1,0,Não,1,1,1,1,1,1,1,0,0
9097,0,0,0,1,0,0,0,0,0,Não,1,0,0,0,1,1,1,0,0
9101,0,0,0,0,0,0,0,0,0,Não,0,0,0,0,0,0,0,0,0
9106,1,0,0,0,0,1,1,0,1,Sim,0,1,1,0,0,0,0,1,0
9116,1,1,1,1,1,0,0,1,0,Não,1,0,1,1,1,1,1,0,0
9123,1,0,0,0,0,0,1,0,0,Não,0,0,0,0,0,0,0,0,0
9132,1,1,1,1,1,0,0,0,0,Sim,1,0,1,1,1,1,1,0,0
9149,1,1,1,0,1,1,1,0,0,Não,1,0,1,1,0,0,1,0,0
9155,1,0,1,0,1,0,0,1,0,Não,1,0,1,1,1,1,0,0,0
9168,0,0,0,0,0,0,0,0,0,Sim,0,0,1,1,1,1,0,0,0
9169,0,0,0,0,0,0,0,0,0,Não,0,0,1,1,1,0,0,0,0
9191,1,1,1,0,0,0,0,1,0,Sim,1,0,1,1,1,0,1,0,0
9194,1,1,0,0,1,0,1,0,0,Não,0,0,1,1,1,1,0,0,1
9195,1,0,1,0,1,0,0,0,0,Sim,1,0,1,1,1,1,1,0,0
9196,1,1,1,0,1,0,1,0,1,Não,1,1,0,0,0,0,1,0,0
9197,0,0,0,0,0,1,1,0,1,Sim,0,1,0,0,0,0,0,1,0
9200,1,0,0,1,0,0,0,1,0,Não,1,0,1,1,1,1,1,0,0
9212,0,0,1,1,0,0,0,0,0,Não,1,0,1,1,1,1,1,0,0
9217,1,1,1,1,1,1,0,1,0,Não,1,1,1,1,1,1,1,0,0
9224,1,1,1,0,0,0,0,0,0,Sim,0,1,1,1,1,1,1,0,1
9229,1,0,1,1,0,1,1,0,1,Não,0,0,1,1,1,1,1,0,0
9233,1,1,1,1,1,0,1,0,0,Sim,1,0,1,1,1,1,1,0,0
9265,0,0,0,0,0,0,1,0,1,Não,1,1,1,1,1,1,1,0,0
9283,0,0,0,0,0,0,0,0,1,Não,0,0,0,0,0,0,0,0,0
9288,0,1,1,1,0,0,0,0,0,Não,0,0,1,1,0,0,1,0,1
9297,1,0,0,0,0,0,0,0,0,Não,0,0,1,1,0,0,1,0,0
9298,0,0,0,0,0,0,0,0,0,Não,0,0,1,1,0,0,0,0,0
9299,1,1,1,1,1,0,0,1,0,Não,0,0,1,1,1,1,1,1,0
9306,0,1,0,0,0,0,0,0,0,Não,0,0,1,1,0,0,1,0,0
9322,0,0,0,0,1,0,0,1,0,Não,0,0,1,1,1,1,0,0,0
9323,1,1,0,0,0,1,1,0,1,Não,1,1,1,1,0,1,1,1,1
9339,1,1,1,1,1,0,0,1,0,Não,0,0,1,1,1,1,1,0,0
9340,0,1,1,1,0,1,1,0,1,Não,1,0,1,1,1,1,1,0,0
9372,1,1,1,1,0,0,0,1,0,Sim,1,0,1,1,1,1,0,0,0
9379,1,1,1,0,1,0,0,1,0,Sim,1,0,1,1,1,1,1,0,0
9389,1,1,1,1,0,0,1,1,0,Sim,0,1,1,1,1,1,0,1,1
9408,0,0,0,0,0,0,0,0,0,Não,0,1,1,0,0,0,0,0,0
9409,0,0,0,0,0,0,0,0,0,Não,1,0,1,1,1,0,0,0,0
9438,1,1,1,0,1,0,0,1,0,Sim,1,0,1,1,1,1,1,0,0
9444,1,1,1,1,1,0,0,1,0,Sim,1,0,1,1,1,1,1,0,0
9447,1,1,0,0,0,1,1,0,1,Sim,1,0,1,1,1,1,1,0,0
9453,1,0,0,0,0,0,1,0,0,Não,1,1,1,1,1,1,0,1,1
9455,1,1,1,1,1,0,0,0,0,Sim,1,0,1,1,1,1,1,0,0
9460,0,0,0,0,0,0,1,0,0,Não,0,0,1,1,1,1,1,0,0
9461,0,1,0,0,0,0,0,0,0,Não,1,0,1,1,1,1,1,0,0
9462,1,1,1,1,1,0,0,1,0,Não,1,1,1,1,1,1,1,0,0
9467,1,1,1,1,1,0,0,1,0,Não,1,0,1,1,1,1,1,0,0
9475,1,1,1,1,1,0,0,1,1,Sim,1,0,1,1,1,1,1,0,0
9479,1,1,1,0,1,0,0,1,0,Não,1,1,1,1,1,1,1,0,0
9484,0,0,0,0,0,0,0,0,0,Não,1,0,1,1,1,0,1,0,0
9492,0,0,0,0,0,0,0,0,0,Não,0,0,0,0,0,0,0,0,0
9495,1,0,1,1,1,0,0,1,0,Não,1,0,1,1,1,1,0,0,0
9526,0,0,1,1,0,0,1,0,0,Não,1,0,1,1,1,0,1,0,0
9545,1,1,1,1,0,0,1,0,0,Não,1,0,1,1,1,1,1,0,0
9548,1,1,1,1,1,0,0,1,0,Não,1,0,1,1,1,1,1,0,0
9567,0,0,1,0,0,0,0,0,0,Não,1,0,1,1,1,1,0,0,0
9571,0,0,1,0,0,0,0,0,0,Não,1,0,1,1,1,1,1,0,0
9590,1,1,1,0,1,1,1,0,1,Não,1,1,1,1,1,1,1,0,1
9600,1,0,1,0,0,0,1,1,0,Sim,1,0,1,1,1,0,0,0,0
9605,0,1,0,0,0,0,0,0,0,Não,1,0,1,1,1,1,0,0,0
9606,0,0,0,0,0,0,0,0,0,Não,1,1,1,1,1,1,0,0,0
9607,0,0,0,0,0,0,0,0,0,Não,0,1,1,1,1,1,0,0,1
9608,0,0,0,0,0,0,0,0,0,Não,0,1,1,1,0,0,0,1,1
9634,1,1,1,1,0,0,0,1,1,Não,1,1,1,0,1,1,0,1,1
9647,1,1,1,0,0,0,0,0,1,Sim,1,1,1,1,1,1,1,0,1
9657,1,1,1,1,1,0,1,1,0,Sim,1,1,1,1,1,1,1,1,1
9670,1,1,1,0,0,0,1,0,0,Sim,1,1,1,1,0,1,1,0,0
9676,1,1,1,1,1,0,0,1,0,Sim,1,0,1,1,1,1,1,0,0
9681,1,1,1,1,1,0,1,1,0,Sim,1,1,1,1,1,1,1,0,1
9695,0,1,0,0,0,1,1,1,1,Sim,1,0,1,1,1,1,1,0,0
9705,0,0,0,0,0,0,0,0,0,Não,1,0,1,0,0,0,0,0,0
9715,1,1,1,0,0,0,0,0,0,Sim,1,0,1,1,1,1,1,0,0
9725,1,1,0,1,0,0,0,1,0,Sim,0,1,1,1,1,1,1,0,0
9745,1,1,1,1,1,0,1,1,0,Sim,0,1,1,1,1,0,0,1,1
9765,1,0,1,1,1,0,0,1,0,Não,0,1,1,1,1,0,0,0,0
9767,1,1,1,1,1,0,0,1,0,Sim,1,0,1,1,1,1,1,0,0
9787,0,0,0,0,0,0,1,0,1,Não,0,0,1,1,1,0,0,0,0
9788,1,0,1,1,1,1,1,0,1,Sim,1,1,1,1,1,1,0,1,1
9797,1,1,0,0,0,0,1,0,1,Não,0,1,0,0,0,0,0,1,0
9799,1,0,1,1,0,0,0,0,0,Sim,1,0,1,1,1,1,1,0,0
9809,1,1,1,1,1,0,0,0,0,Sim,1,0,1,1,1,1,1,0,0
9812,1,0,0,0,0,0,0,0,0,Não,1,0,1,1,0,1,1,0,0
9824,1,1,1,1,1,0,0,1,0,Sim,1,0,1,1,1,1,1,0,0
9825,1,1,1,1,1,0,0,1,0,Não,1,0,1,1,1,1,0,0,0
9836,0,1,1,0,1,0,0,0,0,Não,1,0,1,1,1,1,1,0,0
9867,0,0,0,0,0,0,0,0,0,Não,0,0,0,0,0,0,0,0,0
9875,1,1,1,0,1,0,0,1,0,Sim,0,1,1,1,1,1,1,1,1
9880,1,1,1,0,0,1,1,1,0,Sim,0,1,1,1,1,1,0,1,1
9886,1,1,1,1,1,0,0,1,0,Não,1,0,1,1,1,1,1,0,0
9893,0,0,0,0,0,0,0,0,0,Não,0,0,0,0,0,0,0,0,0
9898,1,1,1,0,1,0,1,1,0,Não,1,1,1,0,1,0,1,0,1
9904,1,1,1,1,0,0,0,1,0,Sim,1,0,1,1,1,1,1,0,0
9917,1,1,0,0,0,0,0,0,0,Não,1,0,1,1,1,1,0,0,0
9940,1,1,1,0,0,1,1,0,1,Sim,1,0,1,1,1,1,1,0,0
9979,0,1,0,0,0,0,0,0,0,Não,0,0,0,1,1,0,1,0,0
9981,0,1,0,1,0,1,1,1,1,Sim,1,0,1,1,1,1,1,0,0
9983,1,1,1,1,1,0,1,1,0,Não,1,1,1,1,1,1,1,0,0
9992,1,1,1,1,0,0,0,1,0,Sim,1,0,1,1,1,1,0,0,0
9998,0,0,1,1,1,0,0,1,0,Não,0,0,1,1,0,0,0,0,0
9999,1,1,1,1,1,0,1,1,0,Sim,1,1,1,1,1,1,1,0,0
10000,1,1,0,0,0,0,0,0,0,Sim,1,0,1,1,1,1,1,0,0
10002,1,1,1,1,1,0,0,1,0,Não,1,0,1,1,1,1,1,0,0
10007,0,0,0,1,1,0,0,0,0,Não,0,0,1,1,1,1,1,0,0
10009,1,1,1,0,0,0,0,1,0,Não,1,0,1,1,1,1,1,0,0
10017,1,1,1,1,1,1,1,1,1,Sim,0,1,1,1,0,1,0,1,1
10018,0,0,1,0,0,1,0,0,0,Não,1,0,1,1,1,1,0,1,0
10030,1,1,1,1,1,0,0,1,0,Sim,1,0,1,1,1,1,1,0,0
10040,0,0,0,0,0,0,0,0,0,Não,0,0,0,0,0,0,0,0,0
10046,0,0,0,0,0,0,0,0,0,Sim,1,1,1,1,1,1,0,0,0
10048,1,1,1,1,0,0,0,1,0,Sim,1,0,1,1,1,1,1,0,0
10054,1,1,1,1,1,0,0,1,0,Não,1,0,1,1,1,1,1,0,0
10077,1,1,1,0,1,0,0,1,0,Não,1,0,1,1,1,1,1,0,0
10084,1,0,1,0,1,0,0,1,0,Sim,0,1,1,1,1,0,0,0,1
10088,0,0,0,0,0,0,0,0,0,Não,1,0,1,1,1,1,1,0,0
10093,0,1,0,0,0,0,0,0,0,Não,0,0,0,0,0,0,1,0,0
10096,1,1,1,1,1,0,0,1,0,Sim,1,0,1,1,1,1,1,0,0
10099,1,1,1,1,1,0,0,1,0,Sim,1,0,1,1,1,1,1,0,0
10103,1,1,1,1,1,0,1,1,0,Não,0,1,1,1,1,1,1,0,0
10120,1,1,0,1,1,0,0,1,0,Sim,1,0,1,0,0,0,1,0,0
10121,1,1,1,1,1,0,0,1,0,Sim,1,0,1,1,1,1,1,0,1
10133,0,0,1,1,1,1,0,1,0,Não,1,0,1,1,1,1,0,1,1
10144,1,1,0,0,0,1,1,0,0,Sim,1,0,1,1,1,0,1,0,0
10148,0,0,0,0,0,0,0,0,0,Não,0,0,0,0,0,0,0,0,0
10149,1,1,1,1,1,0,0,1,0,Não,1,1,1,1,1,1,1,0,0
10188,1,0,1,0,1,0,0,1,0,Não,1,1,1,1,1,0,1,0,1
10197,1,1,1,1,1,0,0,1,0,Não,1,0,1,1,1,1,1,0,0
10206,1,1,1,1,1,0,1,1,0,Não,1,1,1,1,1,1,1,0,0
10210,1,0,0,1,0,0,0,0,0,Não,1,0,1,1,1,1,0,0,0
10211,1,1,1,1,1,0,0,1,0,Sim,1,0,1,1,1,1,1,0,0
10224,0,0,0,0,0,0,0,0,0,Não,0,0,0,0,0,0,0,0,0
10238,0,0,0,0,0,1,1,0,1,Sim,1,1,1,1,1,0,0,1,1
10263,1,1,1,1,1,1,1,0,1,Não,1,1,1,1,1,1,1,1,1
10265,0,0,0,0,0,0,0,0,0,Não,0,1,1,0,1,1,1,0,1
10281,1,1,1,0,1,0,0,1,0,Sim,0,1,1,1,1,1,1,0,1
10328,1,1,1,1,0,0,0,1,0,Sim,0,1,1,1,1,1,1,0,0
10358,1,1,1,1,1,0,0,1,0,Sim,0,0,1,1,1,1,1,0,0
10371,1,1,1,1,1,0,0,1,0,Não,1,0,0,0,0,0,0,0,0
10374,1,1,0,0,0,1,1,1,1,Não,1,0,1,1,0,1,1,1,0
10376,1,1,1,1,1,0,0,1,0,Não,1,1,1,1,1,1,1,1,0
10383,0,0,0,0,0,0,0,0,0,Não,0,0,0,0,0,0,0,0,0
10384,1,0,1,1,0,0,0,1,0,Não,1,1,1,1,1,1,1,0,0
10395,1,0,0,0,0,0,0,0,0,Não,0,0,1,1,0,0,0,0,0
10400,1,0,0,1,0,0,1,0,1,Sim,1,1,1,1,1,0,0,0,1
10407,1,1,1,0,0,0,0,0,0,Não,0,1,1,1,0,0,1,0,0
10408,1,1,1,1,1,0,0,1,0,Sim,1,0,1,1,1,1,1,0,0
10413,0,1,1,1,1,0,1,1,0,Sim,1,1,1,1,1,1,1,0,0
10430,1,0,1,0,0,0,1,1,1,Não,1,1,1,1,1,1,1,1,1
10432,1,1,1,1,1,0,0,1,0,Sim,1,1,1,1,1,1,1,0,0
10438,1,1,1,1,1,0,0,1,0,Não,0,1,1,1,0,0,0,1,0
10448,1,1,0,0,0,0,0,0,0,Sim,1,0,1,1,1,1,1,0,0
10474,1,1,0,0,0,0,0,1,0,Sim,1,0,1,1,1,1,1,0,0
10476,0,0,1,1,1,1,1,1,1,Sim,1,0,1,1,1,1,1,0,0
10519,1,1,1,1,1,0,0,0,0,Sim,1,0,1,1,1,1,0,0,0
10532,1,0,1,1,1,0,0,1,0,Não,1,0,1,1,0,1,1,0,0
10535,1,0,0,0,0,0,1,0,1,Não,0,1,0,0,0,0,0,0,0
10538,1,1,1,0,0,0,0,1,0,Sim,1,0,1,1,1,1,1,0,0
10543,1,1,1,1,1,1,1,1,1,Sim,1,1,1,1,1,0,1,1,1
10560,1,1,1,1,1,0,0,1,0,Sim,1,1,1,1,1,1,1,0,0
10562,1,1,0,0,0,0,0,0,0,Sim,1,0,1,1,1,0,1,0,0
10601,1,0,0,0,0,0,1,0,0,Sim,0,1,0,0,0,0,0,0,0
10611,1,1,1,1,1,0,0,1,0,Sim,1,0,1,1,1,1,1,0,0
10612,1,1,1,1,1,0,0,1,0,Sim,1,0,1,1,1,1,1,0,0
10614,0,0,1,0,0,0,0,0,0,Não,0,0,1,1,1,1,0,0,0
10636,1,1,0,0,0,1,1,0,0,Não,1,0,1,1,1,1,1,0,0
10651,0,0,0,0,0,0,0,0,0,Não,1,0,1,1,1,1,0,0,0
10656,1,0,1,1,1,0,0,1,0,Sim,1,0,1,1,1,1,1,0,0
10676,0,1,0,0,0,1,1,0,1,Sim,0,1,1,1,1,1,0,1,1
10687,0,1,1,0,0,0,0,0,0,Não,0,0,0,0,0,0,1,0,0
10744,1,0,0,0,0,1,1,0,1,Sim,1,0,1,1,1,1,0,0,0
10760,1,1,1,1,1,0,0,1,0,Sim,1,0,1,1,1,1,1,0,0
10761,1,1,1,0,0,0,0,1,0,Sim,1,0,1,1,0,0,1,0,0
10769,1,0,0,0,0,0,0,0,0,Não,0,0,0,0,0,0,0,0,0
10772,1,1,1,1,1,0,0,1,0,Sim,1,0,1,1,1,1,1,0,0
10776,1,1,1,1,1,0,0,1,0,Não,1,0,1,1,1,1,0,1,0
10784,1,0,0,0,0,0,0,0,0,Não,1,0,0,0,0,0,0,0,0
10810,1,1,0,1,1,0,0,1,0,Não,0,0,1,1,1,1,1,0,0
10827,1,1,1,1,1,0,0,1,0,Sim,1,0,1,1,1,1,1,0,0
10829,0,0,1,0,0,0,0,0,0,Não,0,0,1,1,1,1,0,0,0
10835,1,1,1,1,0,0,0,1,0,Sim,1,0,1,1,1,1,1,0,0
10844,1,1,1,0,1,0,1,1,0,Sim,0,1,1,1,1,1,1,0,0
10859,1,1,1,1,0,0,0,1,1,Sim,1,1,1,1,1,1,1,1,1
10876,1,1,1,1,0,0,0,0,0,Sim,1,1,1,1,1,1,1,0,1
10886,1,0,0,0,0,1,1,1,0,Sim,1,0,1,1,1,1,1,0,0
10897,0,1,1,1,0,0,0,0,0,Não,1,0,1,1,0,1,1,0,0
